Word,Frequency
0030,197
01,98
021,190
0410,190
10,8565
100,3356
1000,533
100th,27
107,257
108,196
10d,380
11,1434
110,241
112,106
115bbj,184
117,203
11am,83
12,3359
1250,288
13,1745
130,635
13000,74
137,197
14,1853
1400,198
145,206
14th,224
15,3284
150,1030
152,203
154,6
155,214
16,1731
162,197
163,203
165,216
166,192
16th,272
17,2006
1740,1
18,1760
182nd,61
184,401
185,210
18th,365
19,1180
193,205
1933,191
194ba,184
195,243
1950s,202
1952,196
1972,196
1976,191
1978,192
1980s,204
199,206
1991,499
1993,16
1995,215
1999,98
1b,151
1km,188
1q,1
1st,457
20,3803
200,1662
2000,280
2001,235
2003,394
2004,317
2006,726
2010s,380
2011,94
2012,480
2013,263
2014,1530
2015,551
2016,1076
2017,1314
2018,871
2019,2725
2020,2682
2021,2993
2021agnikul,174
2022,4058
2023,7494
2024,11294
2025,1064
2026,354
2028,220
2030,1425
2031,180
2036,190
2045,7
2047,1184
2070,91
20th,777
21,876
217,295
21st,821
22,908
225,272
22nd,211
23,1167
230,236
24,1489
240,277
24th,215
24x7,190
25,2942
251,7
26,1133
26th,529
27,572
278,197
28,1508
280,387
28th,488
29,408
2g,573
2nd,67
30,3439
300,1838
3025,190
306,198
30th,492
31,3408
31st,473
32,563
325,197
33,245
34,672
340,200
35,1225
350,248
3591,190
360,424
37,470
38,470
39,327
39th,193
3b,570
3d,195
40,1799
400,1851
41,825
42,884
4200,158
43,403
45,1179
450,361
45th,66
46,870
460,56
470,251
48,377
483,6
49,288
4g,971
4th,235
50,5675
500,2571
5000,227
51,83
518,190
54,334
543,4
549,3
55,491
56,355
57,255
58,52
59,244
5g,5229
5pm,76
5th,80
60,1232
600,452
620,4
63,618
631,188
645,190
65,505
66,266
67th,190
69,294
70,1405
700,507
71,75
72nd,190
74,254
75,758
756,190
76,257
763,190
77,110
790,202
792,190
7th,632
80,894
800,301
80c,1313
80ccd,574
80d,115
81,32
813,1
8200,189
8257,189
83,92
846,190
86,259
87,109
870,195
90,596
911,191
92,90
920,188
93,313
950,195
960,1
98,257
99,256
aag,190
aai,205
aaj,75
aargauer,1
aayog,568
abating,5
abetting,190
abetween,190
abhishek,447
ability,964
able,2804
abode,183
abolish,31
abroad,437
absence,1026
absolute,40
absolutely,335
abundant,344
ac,118
accelerate,344
accelerated,463
accelerating,622
acceleration,358
accentuate,188
accenture,326
accept,394
acceptance,415
accepted,382
accepting,551
access,4582
accessed,228
accessibility,1505
accessible,1364
accessing,534
accidental,194
accolade,120
accommodate,122
accommodation,550
accompanied,834
accomplished,203
accorded,192
according,10943
accordingly,302
account,7990
accountability,64
accountable,271
accountancy,147
accountant,422
accounted,372
accounting,665
accra,3
accretion,233
accrued,402
accumulated,445
accumulating,123
accumulation,150
accurate,315
accurately,117
accuse,217
accused,599
accuses,202
acheson,159
achieve,1239
achieved,1265
achievement,760
achieving,1836
acknowledge,188
acknowledged,1173
acknowledgement,77
acknowledges,30
acquire,211
acquired,477
acquirer,9
acquiring,275
acquisition,1387
acre,1269
acronym,198
act,2747
acted,223
action,3376
active,609
actively,677
activist,1006
activity,3373
actor,437
actual,723
actually,998
actuarial,190
ad,199
adani,5140
adaptable,181
adaptation,109
adaption,190
adb,73
add,2212
added,5704
adding,2411
addition,2200
additional,4664
additionally,3382
address,4579
addressing,2044
adequate,293
adhere,292
adimalathura,190
aditya,677
adjust,384
adjusted,788
adjustment,465
administration,1374
administrative,75
admired,227
admitted,469
adopt,270
adopted,467
adoption,2160
adorned,109
adv,27
advance,601
advanced,1695
advancement,610
advancing,420
advantage,1305
advantageous,71
adventure,226
adverse,403
advertised,190
advertisement,54
advisable,41
advised,727
advisor,1054
advisory,924
advocacy,93
advocate,476
advocating,249
aegis,47
aera,190
aerospace,591
affair,985
affect,412
affected,705
affecting,476
affectionately,27
affiliate,428
affiliated,220
affirm,84
afford,609
affordability,162
affordable,3541
aforesaid,215
africa,433
african,308
aftermath,45
afternoon,267
ag,427
age,3033
agency,3876
agenda,1298
agent,447
aggarwal,744
aggregate,659
aggregating,287
aggregator,221
aggressive,632
aggressively,63
agm,288
agnibaan,432
agnikul,1525
agnilet,190
ago,1996
agr,235
agra,108
agree,336
agreed,488
agreement,1527
agrees,360
agricultural,792
agriculture,827
agritech,570
ahead,1830
ahmedabad,984
ai,12812
aid,319
aide,192
aided,233
aiding,199
ailing,13
aim,4078
aimed,1825
aiming,834
air,8773
airasia,408
airbnb,213
airbus,362
aircraft,2558
aired,192
airfare,55
airline,10084
airlinesto,168
airport,6464
airspace,213
airstrikes,13
airtel,1425
airwave,202
airway,1954
aix,1147
aixl,190
ajay,1170
ajit,125
ajmera,105
akhilesh,83
akin,31
akkai,190
akm,184
akshay,779
akshya,190
al,121
alameda,956
alappuzha,190
albeit,212
alcazar,112
alcon,47
alert,146
algorithm,248
alibaba,1599
alibag,74
alienation,190
aligarh,190
align,451
aligned,153
aligning,165
aligns,823
alike,230
allays,194
allegation,1112
alleged,712
alleges,29
alleviate,369
alleviated,108
alliance,557
allocate,368
allocated,449
allocation,1359
allotment,608
allow,1039
allowance,1296
allowed,1422
allowing,1420
allows,1800
allure,330
ally,569
aloke,191
alongside,797
alquity,2
altcoins,302
altering,1
alternate,414
alternative,2290
alumnus,255
amand,156
amazon,2194
ambala,190
ambani,1998
ambassador,391
amber,196
ambiguity,187
ambiguous,198
ambit,239
ambition,907
ambitious,1079
ambulance,197
amended,440
amendment,1049
amenity,4735
america,770
american,1745
amfi,213
amid,2103
amidst,1146
amit,268
amitabh,588
ammonia,393
amod,380
amounted,71
amounting,342
amphitheatre,296
ample,530
amplified,276
amplify,217
amrit,255
amritsar,196
amruta,54
anaemia,195
analysed,277
analysis,943
analyst,3554
analytics,380
analyzing,203
anantha,245
ananya,209
anarock,51
anchor,452
andersen,198
andhra,1523
andrei,2
andrew,256
angeles,43
anil,411
anjali,190
ankur,1330
anna,425
annals,204
anniversary,64
announce,457
announced,5309
announcement,1455
announcing,233
annual,3133
annually,1724
annum,1032
anonymity,351
ansys,1
ante,190
antenna,190
anticipates,126
anticipating,53
anticipation,454
anurag,573
aoc,760
apace,190
apart,779
apartment,857
apeejay,108
aperture,381
apex,471
apiece,235
apollo,134
apologise,195
apologized,27
app,657
apparent,270
appeal,612
appear,233
appeared,393
appearing,131
appears,376
appellate,327
appetite,244
applaud,80
apple,2640
applicability,193
applicable,566
applicant,301
application,1989
applied,545
applies,313
apply,1141
applying,363
appoint,199
appointed,962
appointment,1009
appreciate,718
appreciated,235
appreciation,448
apprehension,223
apprise,3
apprised,190
approach,3561
approached,444
appropriate,245
approval,848
approved,1748
approximately,1182
apps,774
april,4057
aquasub,190
arabian,279
arbitrage,389
archaic,195
architect,1385
architectural,703
architecture,865
area,5953
arena,492
arguably,227
argue,336
argued,500
argues,261
arguing,380
argument,269
arising,212
ark,164
arkam,570
arm,1125
armed,363
armstrong,932
arora,47
arpu,590
arrangement,524
array,1511
arrive,225
arrived,233
arriving,239
art,248
arterial,47
artha,412
article,1681
artificial,1463
artist,920
artistic,390
asansol,190
ascent,220
asean,215
ashar,1910
ashish,672
ashok,415
ashwini,1075
asia,2288
asian,1345
ask,220
asked,2786
asking,510
asks,73
aspect,2852
aspiration,580
aspirational,437
aspire,181
aspiring,479
assam,744
assault,35
assembled,187
asserted,505
asserting,212
asserts,143
assessment,881
asset,6736
assignment,63
assist,342
assistance,995
assistant,552
assisted,34
assisting,188
associate,971
associated,687
associating,196
association,2495
assumed,224
assurance,288
assured,2270
astronaut,192
astronomia,108
atc,207
athlete,207
atlantic,414
atmosphere,453
attack,1082
attained,272
attempt,676
attend,53
attended,1003
attendee,117
attending,287
attention,1264
attitude,200
attract,1131
attracted,577
attracting,343
attractive,1400
attractiveness,14
attributed,793
attrition,52
attukal,190
atul,83
auction,848
audience,386
audio,2076
audit,207
audited,434
augmentation,77
augmented,208
august,3321
aur,75
aurangzeb,36
australia,509
authentic,779
authentication,334
author,367
authority,2594
authorize,1
automate,134
automated,242
automation,475
automobile,311
avaana,190
avail,110
availability,1400
available,4751
avalanche,273
avatar,185
avenue,239
average,2667
averaged,393
avert,199
averted,4
aviation,7799
aviv,10
avoid,1769
avoidance,23
avoided,216
avoiding,119
awaiting,298
awaits,56
award,2323
awarded,254
aware,522
awareness,980
awas,165
awasthy,570
away,2967
axie,184
axis,2187
ay,642
azerbaijan,53
b2b,220
b2c,80
backdrop,416
backed,1045
backend,196
background,437
backlog,82
bacteria,194
bad,270
badge,203
badly,749
badminton,3661
baffle,190
bag,243
bagalkote,190
baggage,33
bagged,221
bahadurgarh,190
bailout,40
balance,3019
balanced,661
balasore,190
balewadi,47
ball,278
ballistic,21
balloon,190
bam,380
ban,807
band,1741
bandra,922
bandwagon,114
baner,47
banga,1349
bangalore,1612
bangladesh,1042
bank,27868
banker,476
banking,2305
bankrupt,212
bankruptcy,1037
banned,546
banner,200
bansal,785
bar,479
barbecue,108
barbeque,188
barcelona,201
bare,102
barely,312
baripada,190
baroda,410
barr,193
barrel,577
barrier,1525
base,2258
based,4932
basic,2253
basically,470
basis,1799
basket,262
batch,337
battery,630
battlefield,3
bavdhan,47
bawa,193
bcas,202
beach,230
beachside,193
beacon,495
bear,503
bearish,210
beat,148
beating,48
beautiful,127
beauty,505
beaxy,190
bed,2402
bedroom,303
beer,198
began,1100
begin,869
beginning,1143
behalf,700
behavior,387
behnam,190
beijing,828
beleaguered,219
belgium,24
belief,1477
believe,2238
believed,268
belonging,444
benchmark,2076
beneath,196
beneficial,603
beneficiary,1323
benefit,11270
benefited,184
benefitwhen,190
bengal,939
bengaluru,1878
bensignor,318
berkeley,191
berlin,34
bery,80
bespoke,5
best,5103
bet,540
better,4059
bettered,184
betting,132
beverage,356
beyonce,196
beyondnetzero,190
bezos,37
bhadrak,190
bhagat,1337
bhagyashree,27
bharat,2450
bharatagri,586
bharath,192
bharatiya,39
bharatiyas,173
bharti,1636
bhashini,951
bhasin,763
bhatnagar,191
bhiwandi,262
bhk,913
bhosale,37
bial,2
bias,459
biased,221
bid,730
bidder,418
biden,896
big,3277
bigbasket,12
bigger,570
biggest,2879
bihar,609
bijitha,190
bikaner,196
bilaspur,206
bilateral,342
billion,13048
billionaire,1912
bima,91
binance,5631
biodegradable,195
biofuel,190
biomass,74
biometrics,18
bioreactors,190
biotechnology,202
bipartisan,209
birla,1717
biswas,190
bit,756
bitcoin,4816
bittrex,190
bjp,240
bkash,190
bkc,83
blackout,1
blazing,16
ble,223
bleak,8
blend,973
blended,201
blessed,75
blissful,188
block,2749
blockchain,3137
blockchains,443
blockdaemon,190
blocked,65
blocker,190
blocking,221
blood,209
bloomberg,1162
blowing,9
blu,47
blue,770
bnb,236
bnpl,226
board,4622
boarding,427
boast,791
boasting,366
boat,225
bode,205
body,1879
bog,190
bogus,31
boil,24
boiler,193
bold,146
bollywood,336
bolster,281
bolstering,506
boman,28
bombay,607
bonafide,1
bond,2252
bonus,671
book,817
booking,1047
bookseva,190
boom,119
booming,83
boost,3562
boosted,546
boosting,659
booth,197
borivali,708
born,210
borne,218
borrower,1199
borrowing,779
bos,240
bottle,606
bottleneck,217
bought,1410
boundless,224
bournvita,33
bout,179
boutique,376
boxy,4
boy,218
braced,17
brain,244
brake,28
branch,474
brand,5284
branded,85
branding,231
brazil,131
brazilian,23
breadth,208
breadwinner,380
break,443
breaking,581
breakthrough,236
breathed,194
breather,90
breathtaking,453
breeze,159
brent,249
brewery,190
brewing,199
brian,484
brics,94
bridge,453
bridging,211
briefed,11
briefing,262
brighter,396
brightest,34
brilliance,193
brilliant,34
bring,3344
bringing,1214
brings,1615
brink,227
britain,272
british,331
broad,310
broadcasted,190
broadcasting,213
broader,710
broke,400
broker,1278
brooklyn,193
brought,1325
brownfield,395
bruising,197
brunt,211
bse,2164
bsnl,1357
btig,386
budding,189
budget,13883
budgeted,135
buffer,190
build,3019
builder,631
building,5419
built,1526
bulk,291
bull,390
bullet,372
bullish,735
buoyed,63
burden,2286
bureau,302
bureaucracy,89
bus,344
busiest,238
business,18111
businessman,75
bustling,902
buteau,190
butted,183
buy,1622
buyback,242
buyer,1477
buying,2964
buzz,239
byju,628
bypassing,199
bytedance,226
ca,2043
cabana,234
cabin,253
cabinet,976
cadbury,123
cafeteria,190
cagr,445
cairo,10
calculate,600
calculated,493
calculator,898
calendar,188
california,694
called,1719
calm,504
calpine,2
camaraderie,207
came,2277
campaign,1622
campus,365
camtech,4
canada,455
canadian,58
cancel,219
cancellation,512
cancelled,670
cancelling,34
cancer,926
candidature,190
candrium,2
capability,1219
capable,336
capacity,3621
capex,693
capital,12262
capitalisation,340
capitalist,406
capped,314
capria,190
capricious,190
capture,1411
captured,1208
caput,983
car,1624
carbon,5128
carbonated,190
carboncure,380
carbonquest,380
card,3478
cardano,241
care,2461
career,756
carefree,46
carefully,711
cargo,1037
carpet,39
carried,197
carrier,2213
carry,206
carrying,691
case,5785
cash,1712
cashless,221
catalyse,7
catalyst,616
category,1083
cater,711
catered,84
catering,260
caters,664
caught,502
cause,1517
caused,536
causing,603
caution,560
cautioned,320
cautious,421
cayman,385
cbdcs,201
cbdt,938
cbic,965
cctvs,193
ccu,950
ccus,202
cd,179
ce,644
cea,777
celebrate,436
celebrated,254
celebrates,232
celebrating,214
celebration,292
celebrity,101
celesta,206
cell,496
cement,1642
cent,13331
center,621
centered,1
central,6780
centralised,663
centralized,223
centrally,81
centre,4501
centric,283
century,88
ceo,9204
ceremony,115
certain,2524
certainly,535
certainty,256
certificate,1349
certification,1036
certified,346
cervical,83
cfo,345
cftc,3235
cgi,190
cgst,603
chain,2675
chair,1445
chaired,233
chairman,4154
chairmanship,413
chakravarthy,190
challenge,6997
challenging,881
chamber,540
champion,1872
championship,2457
chamria,190
chance,863
chandan,34
chandrayaan,190
chanel,190
change,5589
changed,992
changi,15
changing,774
changpeng,382
channel,650
chaos,181
chapter,463
characterization,190
charge,5335
chargebacks,380
charged,278
charging,818
charmi,54
chart,502
charter,400
chartered,576
chase,114
chat,249
chatra,1
cheap,302
cheaper,311
cheapest,64
cheat,201
cheating,57
check,3158
chembur,146
chemical,1485
chemist,193
chen,199
chenab,4
chennai,1776
cheque,92
cherish,75
chhatrapati,382
chhattisgarh,1437
chhetri,190
chi,974
chicago,224
chief,6534
chikkamagaluru,190
child,1540
childcare,203
childhood,180
china,5332
chinese,2283
chip,884
chirag,785
chittoor,190
choice,1808
chokshi,252
chola,191
choose,2088
chooses,15
choosing,444
chopra,160
chord,195
chordia,1
chosen,186
chowk,135
chris,38
christian,15
chro,592
chronic,197
chu,191
chunk,227
cidco,108
cii,613
cincotta,380
cio,49
circle,627
circling,192
circuit,50
circular,696
circulation,214
circumstance,367
circumvent,192
cisf,2
citi,72
citigroup,81
citing,1102
citizen,3129
city,11210
cityscape,190
civic,190
civil,2161
claim,3362
claimed,509
claiming,347
clampdown,189
clamped,194
clarification,73
clarifies,103
clarity,1564
clashing,159
class,2014
classic,382
claus,1
clause,477
clean,1067
cleaner,50
cleaning,118
cleano2,190
cleanspark,190
clear,2302
clearance,454
cleared,244
clearer,13
clearing,634
clearly,566
click,612
client,1053
climate,2381
climatic,191
climb,444
climbing,250
clinched,192
clinic,69
clinical,368
clocked,300
clonon,4
close,3057
closed,2840
closely,1467
closer,879
closest,209
cloud,1165
club,699
clubhouse,1995
clustered,190
co2,4807
coach,427
coalition,340
coarse,760
coastal,552
cochin,214
coco,190
cocoa,6
coffee,384
cofounder,215
cohen,190
coimbatore,435
coin,2164
coinbase,2674
coincided,228
coined,196
coingecko,377
coinllectibles,190
coinswitch,192
cold,439
collaborate,288
collaboration,3390
collaborative,507
collapse,610
collapsed,418
collateral,306
colleague,290
collected,746
collecting,633
collection,2400
collective,352
collectively,146
collector,165
colombo,591
combat,463
combination,396
combine,697
combined,1471
come,9237
comeback,384
comfort,2004
comfortable,711
coming,3967
command,443
commanded,11
commenced,326
commencement,219
commendable,397
commendation,27
commended,244
comment,1292
commerce,2251
commercial,4147
commercially,200
commingling,190
commission,1771
commissioned,237
commit,245
commitment,6876
committed,2154
committee,4663
committing,95
commodity,1247
common,1787
commonly,68
communal,190
communicated,46
communication,2071
community,7078
commute,284
commuting,414
company,42109
comparable,43
compare,209
compared,4039
comparison,257
compassion,180
compassionate,527
compensate,235
compensation,568
compete,495
competes,388
competing,480
competition,1644
competitive,1003
competitiveness,436
competitor,417
compiled,321
complaining,219
complaint,2087
complement,199
complete,1511
completed,1002
completely,585
completing,285
completion,1281
complex,1239
compliance,3685
complicated,70
comply,718
complying,229
component,1182
composite,246
composition,337
comprehensive,2156
compressed,394
comprise,226
comprises,1030
comprising,672
comptroller,8
computational,195
compute,249
computer,1048
computing,727
conceived,150
concentrate,56
concept,352
conceptualized,10
concern,4021
concerned,459
concerning,468
concerted,239
conclave,2683
conclude,105
concluded,891
concluding,229
conclusion,600
concomitant,165
concrete,1549
concurred,193
condition,3581
conditioner,200
conducive,137
conduct,926
conducted,799
conducting,51
conference,2673
confidante,389
confidence,1566
confident,997
confidential,299
confidently,197
confirmed,451
conflict,789
confluence,178
conform,200
confronted,36
confusing,195
congestion,244
conglomerate,931
conglomeration,144
congratulate,40
congratulated,198
congratulation,222
congress,1145
congruent,64
connect,1269
connected,772
connecting,882
connection,717
connectivity,3764
connects,195
conscious,1008
consciousness,4
consecutive,1156
consensus,492
consent,71
consequence,256
consequently,246
consider,1485
considerable,246
considerably,31
consideration,584
considered,887
considering,1527
consistency,17
consistent,944
consistently,638
consists,449
consolidate,291
consolidated,469
consolidation,460
consortium,688
conspired,190
constance,190
constant,117
constantly,273
constituency,237
constitute,573
constitutes,202
constitution,187
constrained,217
construction,2265
constructive,214
consult,181
consultancy,407
consultant,149
consultation,1130
consulting,589
consumed,163
consumer,5290
consuming,219
consumption,2298
contact,594
contagious,173
contain,223
contained,270
container,355
containing,232
contemplating,52
contemporary,567
contend,203
contender,248
content,6319
contingency,198
continually,222
continue,5371
continued,2067
continues,1424
continuing,377
continuity,230
continuous,563
continuously,406
continuum,90
contract,916
contraction,283
contractor,272
contrast,1322
contribute,1913
contributed,904
contributes,451
contributing,993
contribution,2908
contributor,322
control,3482
controlled,451
controller,391
controlling,238
controversy,274
convene,98
convener,74
convenience,2445
convenient,489
conveniently,191
convention,1039
conventional,421
converge,227
converged,196
converging,32
conversation,566
conversion,1381
convert,1006
converted,321
convertible,216
conveyed,212
convince,204
coo,118
cook,737
cooking,416
cooperate,220
cooperation,2148
coordinated,219
coordination,339
cope,416
copper,356
core,2130
corner,841
cornerstone,404
coronavirus,1
corp,239
corporate,3434
corporates,508
corporation,1443
corpus,1047
correct,1129
correction,957
correctly,34
correlated,22
corridor,760
cosmopolitan,226
cosmos,398
cost,7719
costly,608
costsfor,1
council,1548
counsel,253
counseling,190
count,421
counted,5
counter,231
counterpart,245
country,16871
county,194
couple,892
coupled,340
course,1154
court,4860
courteous,191
courtyard,190
cover,1997
coverage,3140
covered,2334
covering,194
covers2,190
covestro,190
coveted,403
covid,339
cozy,190
cp,74
cpc,44
cpp,6
cppib,3
crackdown,800
crafted,762
craghoppers,190
create,3783
created,1826
creates,384
creating,4724
creation,1536
creativity,170
creator,277
credai,1633
credit,6473
crescendo,190
crew,511
cricket,224
crime,839
criminal,533
crisis,1027
criterion,645
critical,6888
criticised,15
criticized,258
crm,393
crop,781
crore,27901
cross,484
crossed,551
crowded,28
crowned,27
crucial,3055
crude,1112
cruise,47
crunch,397
crypto,9583
cryptoassets,183
cryptocompare,190
cryptocurrencies,916
cryptocurrency,2754
csmia,144
csmt,191
csr,616
cto,221
cue,199
cullinan,936
culmination,241
cultivating,195
cultivation,19
cultural,698
culturally,366
culture,1461
cumulative,277
cupboard,80
curated,356
curative,898
curb,724
cure,367
curly,190
currency,2194
current,5705
currently,4039
curtain,35
curve,276
cushion,403
custom,1957
customer,10603
customised,200
customize,368
customized,214
cut,5471
cutting,673
cycle,844
da,2641
daikin,192
daily,790
dalal,224
damascus,3
dangerously,380
daniel,239
dapps,387
dark,230
data,12812
database,1152
date,4728
dated,550
dav,108
dawar,192
dawn,56
day,16737
daycare,190
deadline,1793
deal,2215
dealer,361
dealing,296
dealmaking,16
dealogic,10
dearness,1006
death,1331
debate,217
debenture,209
debit,84
debjani,191
debt,3927
debut,522
dec,139
decade,3994
decarbonise,193
deccan,570
deceitful,46
deceleration,232
december,2212
decent,298
decentraland,184
decentralised,246
decentralized,236
deception,190
decide,590
decided,892
deciding,322
decision,3388
deck,750
declared,380
declaring,211
decline,2831
declined,1582
declining,876
deco,156
decrease,806
decreased,1048
decriminalized,190
dedicated,2304
dedication,765
deduct,50
deducted,1284
deduction,3939
deemed,81
deep,1041
deeper,671
deeply,229
deeptech,380
deepti,190
default,1032
defaulted,225
defence,928
defend,426
defendant,212
defense,572
deferment,193
deferred,404
defi,611
deficiency,242
deficit,926
define,102
defined,1217
defining,9
definite,206
definition,585
definitive,207
deflationary,63
defraud,192
defspace,190
defying,17
degree,321
dei,577
delay,974
delegate,391
delete,1
delhi,13897
deliberate,294
deliberated,578
deliberation,224
delight,216
delighted,233
deliver,1866
deliverable,191
delivered,1529
delivering,1594
delivery,2190
deloitte,79
delphi,190
demand,6795
demanded,61
demat,96
demise,670
democracy,105
democratic,295
demographic,450
demography,85
demonstrate,83
demonstrated,974
demonstrates,475
demonstrating,304
demonstration,226
demonstrator,190
denied,346
dented,10
denying,217
depart,402
departed,218
department,5842
departure,179
depend,433
dependence,231
dependency,101
depending,734
depends,189
depicts,67
deplore,190
deploy,77
deployment,689
deploys,192
deposit,6422
deposited,604
depositing,361
depositor,335
depository,71
depreciated,13
depreciation,256
dept,7
deputy,427
derivative,600
derived,40
derogatory,190
described,421
desh,192
design,4756
designated,104
designed,4305
designer,230
desired,246
despite,3017
destination,1129
detailed,1050
detailing,212
detect,232
detected,67
detector,36
determination,618
determine,676
determined,171
determining,385
detract,80
detrimental,202
deva,190
devaluation,33
devastation,211
devaswom,190
develop,1542
developed,1849
developer,4504
developing,1657
developingeconomies,190
development,12306
develops,260
devendra,106
device,2096
devolution,238
devorin,9
devoted,199
devotee,190
dg,417
dgca,1377
dhanbad,190
dharmapuri,191
dhaval,161
dhawan,283
dhillon,191
dhimant,190
dhirubhai,190
dhruva,6
diagnosed,1504
diagnostic,186
dial,1151
dialani,190
dialing,9
dialogue,818
diamond,547
dibb,380
didis,166
diesel,1618
diet,13
difference,832
different,3196
differentiator,205
difficult,1269
difficulty,581
digga,83
digi,10
digit,95
digital,8962
digitalisation,459
digitalization,259
digitally,235
digitise,192
dignitary,509
diligence,266
dimension,309
diminish,11
dimple,4
dimpy,190
dinesh,137
dioxide,228
dip,512
diplomatic,28
direct,2191
directed,740
direction,1241
directive,297
directly,1700
director,6615
directorate,868
directormohandas,190
disagreement,255
disagrees,196
disappointing,383
disaster,263
disbanded,19
disclaimer,5085
disclose,117
disclosed,760
disclosure,582
discontinued,208
discount,415
discounted,264
discover,484
discovered,452
discretion,107
discrimination,781
discriminatory,18
discus,826
discussed,981
discussing,139
discussion,3660
disease,1619
disgorgement,190
dishwasher,3
disinterest,23
dismantle,195
dismissed,292
disorder,175
disparity,37
dispel,192
dispersed,1
dispersion,4
display,1499
displayed,766
disposable,329
disposed,204
disputed,225
disrupt,228
disrupted,93
disrupting,39
disruption,789
disruptive,208
dissatisfaction,41
dissimilar,190
dissolving,190
distance,653
distant,208
distinguished,967
distort,196
distribute,216
distributed,656
distribution,1399
district,1262
diva,108
diverging,13
diverse,2379
diversification,88
diversified,97
diversify,354
diversifying,271
diversity,426
diverting,369
divestment,212
dividend,784
diving,198
division,566
divyansh,189
dna,200
doctor,753
document,1103
documentation,256
dollar,1953
domestic,5652
domestically,323
dominance,356
dominant,284
dominated,115
dominates,214
dominic,74
domino,198
domnic,54
donald,168
donate,213
door,269
dosti,74
dot,3076
double,1558
doubled,775
doubling,296
doubt,624
doubtful,190
dow,500
downshift,171
downside,62
dozen,301
dp,100
dpiit,210
dr,1356
drag,307
dragged,59
dragging,55
drained,3
dramatic,433
dramatically,233
draw,227
drawing,671
drawn,352
dream,2500
dress,195
drew,189
drift,206
drink,131
drinking,385
drive,1687
driven,1499
driver,307
driving,2471
drone,439
drop,753
dropped,1577
droupadi,66
drove,259
drp,83
dry,405
dse,190
dst,200
dual,424
dudeja,190
dummy,193
dumping,17
duo,245
duopoly,200
durability,4
durgapur,190
dusak,190
dust,204
dutta,354
duty,2686
dxc,199
dynamic,1170
eager,253
eagerly,61
earlier,3934
earliest,872
early,3155
earmarked,226
earn,685
earned,755
earning,859
earnings,1908
earth,263
ease,1951
eased,728
easier,476
easiest,388
easily,712
easing,790
east,959
easter,6
eastern,1023
easy,1085
eau,190
ec2023,570
ecommerce,22
econic,380
economic,9705
economics,582
economist,1693
economy,10152
ecosystem,3394
ecowrap,190
ed,231
eddie,191
edelweiss,13
edge,635
edifice,190
edition,1578
education,3299
educational,1416
edutech,192
eeh,188
eeoc,3
effect,2420
effective,1901
effectively,476
effectiveness,527
efficiency,1258
efficient,1054
efficiently,327
effort,4792
effortless,378
effortlessly,586
eis,47
ejecting,190
eknath,106
el,244
elbers,1525
elderly,207
elected,925
election,1290
electorate,9
electric,1752
electrical,417
electricity,1126
electrolysers,194
electronic,841
electronically,199
electronics,1420
element,911
elevate,643
elevated,1124
elevates,214
elevation,479
eligibility,663
eligible,2030
elimination,191
elliott,37
elon,298
elpro,47
em,17
email,813
emailed,45
embark,76
embassy,44
embedding,191
embody,197
embrace,426
embraced,90
emerge,265
emerged,1583
emergency,1027
emerging,2009
emeritus,278
emi,359
emily,1
eminent,190
emirate,399
emission,1841
empathetic,350
emphasis,1092
emphasised,306
emphasized,1088
emphasizes,251
emphasizing,137
emphatically,82
empire,267
empirical,380
employ,236
employed,461
employee,11369
employer,1650
employing,336
employment,1886
empower,811
empowered,258
empowering,1312
empowerment,283
empowers,204
enable,1193
enabled,1879
enabler,218
enablers,197
enables,844
enabling,978
enakshee,190
enclosure,211
encompasses,401
encompassing,24
encounter,99
encourage,1229
encouraged,518
encourages,146
encouraging,924
encryption,205
end,6200
endeavor,766
endeavour,159
ended,1565
ending,654
endorsed,138
endorsement,192
endowment,472
endure,208
endured,196
energy,6204
enforcement,246
engage,401
engaged,452
engagement,205
engaging,617
engine,1503
engineer,1042
engineering,1492
enhance,3604
enhanced,1916
enhancement,151
enhances,506
enhancing,2317
enjoy,2213
enjoying,271
enjoys,67
enormous,634
enroute,9
enshrined,3
ensuing,196
ensure,4770
ensured,204
ensures,1881
ensuring,2648
entail,75
enter,998
entering,337
enterprise,1322
enters,235
entertainment,3756
enthusiasm,869
enthusiast,611
enthusiastic,76
entire,1809
entirely,453
entitled,458
entitlement,42
entity,2558
entrance,368
entrepreneur,2564
entrepreneurship,1093
entry,318
environment,2287
environmentally,247
epf,729
epfo,524
epicentre,189
equal,868
equality,960
equation,201
equilibrium,200
equipment,2090
equipped,803
equipping,185
equity,6170
era,1699
eradicated,190
ermotti,27
ernst,30
erode,207
eroded,219
erp,197
erstwhile,410
escalated,221
escalating,177
escalation,307
escrow,12
esg,249
especially,2519
essence,802
essential,1849
essentially,227
establish,674
established,1885
establishing,1008
establishment,520
estate,8049
esteemed,160
estimate,2836
estimated,2022
et,4278
etched,204
etcyou,190
etf,1116
ethanol,766
ether,1173
ethereum,883
ethically,99
etnow,190
euro,750
eurobonds,1
europe,530
european,882
eurozone,17
ev,907
evade,400
evading,208
evaluate,129
evaluating,267
evaluation,265
evasion,279
evening,243
event,5107
eventful,190
eventuality,1
everybody,57
everyday,235
evidence,135
evident,834
evokes,109
evolution,109
evolve,232
evolved,337
evolving,1037
exacerbated,26
examination,435
examine,341
examined,238
examining,398
example,2874
exasperated,190
exceeded,554
exceeding,1105
exceeds,273
excelled,192
excellence,1835
excellenceit,189
excellent,459
exception,588
exceptional,1978
excerpt,212
excess,230
excessive,82
excessively,48
exchange,6914
exchequer,204
exciting,506
exclude,260
excludes,43
excluding,550
exclusion,40
exclusive,1315
exclusivity,365
execute,259
executed,396
execution,336
executive,4448
exemplify,4
exempt,747
exemption,1774
exhibition,450
exhorted,190
exigency,63
exist,52
existing,4104
exit,659
exor,190
expand,2732
expanded,960
expanding,3195
expansion,2480
expansionary,7
expansive,361
expect,1683
expectation,2682
expected,6044
expecting,400
expects,495
expenditure,1772
expense,2382
expensive,416
experience,11322
experienced,1898
experiencing,457
experiment,209
expert,2873
expertise,1057
expired,200
expiring,93
explain,397
explained,1137
explains,723
exploit,195
explore,887
explored,420
explores,205
exploring,503
explosion,209
expo,3377
exponential,302
export,2781
exporter,458
exposure,606
express,4238
expressed,2137
expressing,459
expression,88
expressway,488
exquisite,511
extend,608
extended,2472
extending,1585
extends,797
extension,2167
extensive,1234
extensively,206
extent,408
external,357
externality,191
extra,999
extraordinary,602
extravaganza,217
extreme,210
extremely,1075
ey,532
eye,1073
fabric,223
facade,156
face,2933
faced,2005
faceless,232
facet,191
facial,40
facilitate,1339
facilitates,138
facilitating,177
facilitation,28
facility,5333
facing,1177
fact,1326
factor,2570
factored,168
factory,1588
fadnavis,162
fail,361
failed,1404
failing,976
failure,582
fair,957
fairly,514
faith,68
fake,395
fall,1744
fallen,561
falling,1103
fallout,388
false,138
familiar,810
family,7631
famous,196
fanciful,159
fanthome,1
far,3301
fare,730
fared,174
fargo,37
farley,4
farm,686
farmer,1235
farming,425
fasal,83
fast,427
faster,1224
fastest,493
fatehi,108
fault,49
favor,342
favorable,516
favorite,18
favour,167
favourably,11
favourite,223
fca,3
fci,380
fdi,353
fdic,2
fear,1058
feasibility,293
feat,297
feature,6413
featured,299
featuring,736
feb,411
february,5871
fed,1966
federal,2309
fee,2073
feedback,2670
feedstock,776
feel,2557
feeling,250
fell,1621
fellow,250
felt,398
ferment,190
fertiliser,280
fest,2103
festival,452
festive,356
fewer,171
fiber,192
fibre,252
field,1273
fiercely,195
fifth,1252
fight,394
fighting,225
figure,1605
figuring,199
file,2686
filed,2810
filenow,190
filer,218
filing,5966
filled,241
filling,43
fillip,94
film,871
final,1412
finale,191
finalisation,191
finally,329
finance,10058
financetrack,190
financial,14984
financially,398
financing,1201
finding,964
fine,618
finest,115
fintech,796
fireside,200
firing,224
firm,7961
firmed,14
firmly,271
firsthand,190
firstly,115
fiscal,5025
fit,1000
fitness,179
fitted,196
fix,259
fixed,3291
flag,484
flagged,555
flashing,167
flat,657
fleet,1522
flexibility,550
flexible,216
flight,5440
flipkart,1622
floater,571
floating,216
flock,232
flood,108
floor,495
florida,6
flourish,456
flourishing,134
flow,1014
flowing,228
flown,195
fluctuation,207
fluffy,380
flyer,418
flying,890
flyover,149
fm,1372
fmcbg,190
focal,211
focus,6687
focused,578
focusing,1238
foliage,190
follow,404
followed,1002
following,3924
follows,954
food,4413
foodgrains,571
foodstuff,190
foot,1038
football,122
footfall,300
footing,209
footprint,551
foray,413
forbes,202
force,3391
forced,344
forcing,262
ford,317
forecast,1160
forefront,1048
foreign,3776
foresees,10
forex,329
forfeiting,23
forge,216
forging,200
form,3919
formal,186
formally,117
format,392
formation,533
formed,313
formula,334
formulated,27
forsyth,190
forth,289
fortified,211
fortune,384
forum,640
forward,1541
fossil,252
foster,1125
fostering,1536
foul,16
foundation,4026
foundational,222
founded,1410
founder,3201
founding,650
fourth,2083
fpi,94
fpis,282
fpo,410
fraction,246
fractionally,190
fragile,160
fragrance,65
frame,269
framework,976
framing,199
franc,2
france,240
fraser,6
fraternity,151
fraud,1191
fraudulent,315
free,2151
freebie,94
freed,207
freeway,252
freeze,224
frequency,622
frequent,636
frequently,396
fresh,1922
fresher,504
friday,2962
friendly,285
frontier,132
frontrunners,190
frozen,250
frugality,201
fruit,61
fruitful,190
frustration,224
ft,942
ftx,1840
fud,190
fuel,4140
fueled,161
fuelled,243
fuelling,75
fulfilling,208
fulfils,148
fullest,87
fully,2572
function,212
functioning,236
fund,14935
fundamental,1244
funding,2981
fundraise,211
funeral,194
furnish,65
furthermore,675
future,6675
fx,47
fy,1687
fy17,190
fy20,262
fy2024,36
fy21,400
fy22,668
fy23,694
fy24,1053
fy25,750
fy26,35
g20,1207
g7,15
gabelli,1
gable,190
gaffney,2
gain,4192
gained,1533
gaining,280
gala,27
gallon,225
gallop,201
gamble,202
game,3352
gamers,257
gaming,4747
ganapathy,33
gandhi,564
gangadharan,195
gap,1051
garib,275
garima,190
garment,220
garnered,383
gary,394
gas,1953
gate,314
gated,806
gateway,251
gathered,216
gathering,521
gauge,512
gautam,1127
gave,773
gay,190
gb,200
gbps,190
gcf,380
gdp,4249
gear,669
gearing,337
genai,399
gender,570
general,5384
generally,412
generate,818
generated,601
generates,87
generating,581
generation,1303
generative,558
genesis,159
gensler,957
genuine,561
genuineness,27
geoeconomics,1
geographic,4
geographical,295
geographically,2
geography,276
geojit,221
geopolitical,1130
geopolitics,37
george,60
georgieva,593
german,260
germany,541
getting,2402
gh,190
ghana,27
ghanaian,1
ghodbunder,727
ghosh,359
giant,752
gift,240
gigabit,194
gigantic,194
gigawatts,31
girl,557
given,4015
giving,1708
glamorous,245
glamour,189
glance,328
glenwood,760
glide,111
glitch,399
glittering,27
glitz,189
global,18010
globalblock,190
globalgovernance,190
globalisation,200
globally,1919
glory,383
gmt,507
goa,875
goal,3323
godown,194
godrej,2314
gohil,570
going,3619
gold,8021
golden,433
goldman,206
gole,190
golf,303
gone,948
good,6253
got,1768
governance,702
governed,207
governing,210
government,29884
governor,1391
govt,2471
govts,132
goyal,406
graced,383
gracing,194
gradually,620
graduating,210
grain,1224
gram,401
grand,1383
grandeur,339
grant,738
granting,587
grassroots,189
grateful,304
great,2060
greater,2125
greatly,254
green,2820
greenback,42
greenery,167
greenest,163
greenfield,611
greenidge,380
grew,1319
grewal,190
grey,904
grid,108
grievance,214
grip,25
grocery,120
gross,2583
ground,1185
groundbreaking,412
grounded,288
groundwork,215
group,12789
grow,2719
growing,3269
grown,1528
grows,353
growth,21664
grq,190
gst,3967
gstn,1524
gstr,597
gtl,191
guarantee,619
guaranteeing,52
guardrail,204
guest,665
guidance,655
guide,494
guideline,1396
guiding,283
guilty,267
gujarat,3481
gujarati,191
gulati,128
gupta,2349
gurugram,440
guruvayur,190
gut,190
guzzled,4
gvk,190
gw,312
gyan,166
gym,378
gymnasium,306
habitable,190
habitat,1982
hafeez,156
hai,212
hailed,282
hair,212
haj,760
half,1844
halfway,207
hall,811
halted,229
hammered,196
hand,1165
handle,804
handling,354
handout,89
handover,47
handy,26
hanoi,217
hansen,381
happen,1717
happening,745
happens,261
happiness,224
happy,182
hard,1673
harder,236
hardly,399
hari,140
harish,223
harm,105
harming,13
harmonisation,193
harmonised,87
harness,299
harnessing,256
harris,291
hartnett,166
harvesting,579
haryana,1249
hassan,202
hassle,290
hatao,61
hazira,193
hcmc,380
hdfc,1348
head,3226
headcount,310
headed,363
heading,250
headline,169
headquartered,246
headstart,190
headwind,73
health,11108
healthcare,7524
healthier,600
healthtech,190
healthy,1552
heard,877
hearing,320
heart,2125
heartfelt,52
heating,401
heatwave,87
heavily,263
heavy,464
hedge,735
hedging,2
height,904
heightened,143
held,4570
helicopter,228
heliport,191
helm,257
help,7723
helped,1537
helpful,422
helping,1541
heritage,475
hero,298
hewlett,9
hfl,74
hian,190
high,9296
higher,9277
highest,3963
highlight,1209
highlighted,1982
highlighting,886
highly,808
highway,2225
hike,3124
hiked,839
hill,542
himachal,479
hindenburg,1235
hinder,231
hindered,222
hindu,784
hinduja,121
hinjewadi,517
hire,429
hired,648
hiring,641
hisar,190
historic,855
historical,537
historically,509
history,1429
hit,2376
hitch,190
hitesh,110
hitherto,196
hitting,324
ho,980
hold,2521
holdco,159
holder,1472
holding,2874
holistic,657
holmgren,950
homage,159
home,16913
homebuyers,1278
homeownership,148
homophobic,190
homosexuality,190
hon,384
hong,855
hongkong,3
honorary,197
honour,705
honourable,27
honoured,346
hope,1200
hoped,83
hoping,314
horizon,264
hospital,3629
hospitality,1212
hospitalization,390
host,308
hosted,1050
hot,109
hotel,743
hotspot,65
hour,1189
house,2204
household,1569
housekeeping,16
housing,2917
hr,252
hra,664
hsbc,159
http,1055
hub,1194
huddle,380
huge,3570
human,1714
humidity,193
hurdle,314
hurt,498
hyderabad,792
hydrogen,1027
hygiene,85
hype,223
hyperspectral,190
iaf,200
ian,2
iata,1557
ib,47
ice,292
icf,247
icici,673
icon,212
iconic,555
icor,570
idea,4184
ideal,1743
ideate,190
identical,198
identified,1093
identify,416
identifying,319
identity,777
idex,192
iea,399
ifsc,221
igi,202
igia,390
ignites,189
ignorant,190
ignore,218
igst,396
iit,637
ill,193
illegal,642
illicit,682
illness,5340
illness3,190
illustrates,210
illustrious,33
image,1462
imagery,383
imagination,199
imagine,418
imaging,201
imbalance,17
imf,1779
immediate,1627
immediately,830
immense,721
immigration,134
imminent,183
impact,5527
impacted,756
impacting,487
impeding,50
impending,330
imperative,431
impetus,549
implement,960
implementation,1875
implemented,696
implementing,1131
implication,1163
import,2620
importance,1728
important,5370
imported,211
impose,853
imposed,587
imposing,229
impossible,245
impoverished,83
impression,1052
impressive,1772
improperly,202
improve,2053
improved,1831
improvement,1456
improving,1784
inability,200
inacio,1
inaction,190
inaugurate,219
inaugurated,652
inaugurating,77
inauguration,93
incentive,1738
inception,420
incident,820
incipient,80
include,2652
included,816
includes,1959
including,13392
inclusion,2700
inclusive,2901
inclusivity,583
income,12595
incoming,171
incomplete,256
inconvenience,332
incorporated,301
increase,8852
increased,5445
increasing,3014
increasingly,1226
incredible,350
incredibly,517
increment,237
incremental,646
incubation,586
incubator,213
inculcate,194
independence,246
independent,1059
inder,190
index,4175
indexation,922
india,60838
indian,20515
indicate,180
indicated,576
indicates,1132
indicating,746
indication,138
indicative,23
indicator,847
indicted,190
indifference,4
indifferent,270
indigenous,304
indigo,2254
indira,204
indirect,876
indirectly,292
indiscriminately,190
individual,7440
indonesia,1280
indoor,628
indulge,295
industrial,2271
industry,20785
indía,64
ineffective,222
inefficient,203
inevitable,200
infancy,374
infeasible,190
infection,190
infectious,186
infertility,190
infinity,583
inflated,5
inflating,197
inflation,6780
inflow,1804
influence,383
influencer,25
influx,101
inform,961
informatica,6
information,6033
informed,1581
infosys,1568
infra,568
infrastructural,216
infrastructure,6471
infusion,249
ingenuity,85
ingredient,359
inherent,220
inheritance,14
init,950
initial,1573
initially,778
initiated,259
initiation,348
initiative,4962
injected,199
injection,483
injects,190
injunctive,190
injustice,197
ink,384
inked,200
inner,198
innovate,213
innovation,4329
innovative,1246
innovator,396
inorbit,112
inorganic,193
input,1343
insecticide,191
insensitive,190
inside,597
insider,323
insight,1003
insightful,191
insolvency,534
inspiration,176
inspirational,194
inspiring,977
instability,129
instagram,95
installation,151
installment,85
instalment,484
instance,1833
instead,1017
institute,724
institution,1825
institutional,1439
institutionalized,195
instruct,199
instructed,774
instrument,329
insufficient,130
insulation,195
insurance,17102
insured,405
insurer,2505
integral,363
integrate,242
integrated,1046
integrating,230
integration,1793
integrity,109
intelligence,1716
intended,454
intends,541
intense,377
intensified,300
intensity,219
intent,645
intention,353
interacting,81
interaction,507
interactive,449
interchanging,108
interconnection,1
interested,509
interesting,266
interface,105
interim,2292
interior,325
intermediary,449
internal,1412
international,9782
internationally,16
internet,3591
internship,494
interpretation,468
intertwines,108
intervenes,11
intervention,622
interview,859
intimation,296
intricate,282
intrigued,190
intrinsic,4
introduce,1168
introduced,2505
introduces,116
introducing,715
introduction,581
intuitive,76
inu,265
invalid,212
invaluable,424
invasion,92
inventory,686
invest,1672
invested,1458
investigate,75
investigating,281
investigation,1016
investigator,217
investing,1145
investment,13199
investor,12046
invite,271
invited,796
inviting,367
involve,501
involved,746
involvement,343
involves,432
involving,340
iot,432
iotbased,4
ipma,1467
ipo,1561
iran,349
irani,110
iranian,69
iraq,22
irrevocably,173
irrigating,190
irrigation,226
isc,128
iskcon,108
islamabad,47
island,670
isolated,228
israel,349
isro,196
issuance,589
issue,7957
issued,2364
issuer,46
issuing,515
ist,247
istanbul,209
itat,155
item,839
iteration,187
ites,192
itis,108
itr,3611
itrs,609
ix,192
iyer,604
jack,602
jacket,190
jacuzzi,108
jai,210
jailed,190
jain,883
jakarta,210
jamnagar,203
janata,57
jane,197
janet,13
jangid,74
january,4082
japan,2931
japanese,1456
jaquar,27
jaran,190
jatinderpal,190
jay,201
jayant,870
jayantilal,3
jbc,2079
jeddah,387
jeff,258
jeffrey,169
jerome,353
jet,3980
jhansi,190
jharkhand,1217
jharsuguda,190
jim,17
jio,4069
jitendra,365
jkc,1152
job,5307
jodi,108
joe,529
jogging,108
john,109
join,881
joined,1256
joining,344
joint,1590
jointly,421
joke,201
joseph,225
josh,16
joshua,195
journal,254
journey,4058
jpmorgan,207
judge,642
judged,80
judgement,587
judgment,322
judicial,493
jugeshinder,190
juhie,190
july,7238
jump,239
jumped,1042
jumping,232
junction,621
juncture,374
june,4581
junior,822
juniper,3
jurisdiction,424
juror,197
jury,223
justice,511
justify,24
jute,195
jyothi,190
jyotiraditya,414
ka,198
kaal,153
kadapa,190
kal,150
kalyan,292
kamala,243
kamath,236
kamra,190
kanabar,3
kanai,74
kanika,247
kanpur,695
kapil,220
kaplan,195
karan,155
karin,1
karnal,224
karnataka,1622
karthik,1342
kashmir,595
katherine,198
kavita,65
kay,194
keen,224
keeping,763
keith,190
keki,28
kelly,227
kenya,235
kept,687
kerala,2266
keshav,390
keval,27
kevin,392
key,6341
keynote,239
kg,711
kgeorgieva,190
khadakbhavi,1
khandelwal,151
kharghar,432
khedkar,27
khosla,986
ki,9
kicked,236
kid,1182
kidwai,128
killing,14
kilometre,159
kind,1196
kindly,49
king,211
kingdom,295
kiosk,3
kislay,495
kitchen,359
kitco,1
kitty,420
km,979
knav,3
knest,27
knew,222
know,1147
knowing,835
knowledge,1444
known,2302
kochi,1315
kolhapur,190
kong,832
konkani,190
kopri,144
korba,190
koshy,190
kota,190
kotak,2067
kothari,227
kothrud,47
kozhikode,190
kpmg,337
kraft,190
kraken,366
krea,380
krishna,643
kristalina,203
krithivasan,49
ksum,1140
kubota,196
kuiper,5
kuldip,75
kumar,1991
kumaravelu,190
kutch,198
kwan,80
kyle,10
lab,871
label,285
labor,395
laboratory,286
labour,1195
lac,437
lack,844
laid,484
lakh,12926
lakhotiya,380
lakhpati,172
lakkad,60
lakshya,380
lal,155
lalit,2097
land,1523
landed,52
landing,640
landlord,503
landmark,646
landscape,3707
landy,190
language,2285
languished,198
lanka,327
lankan,192
lanzajet,190
lanzatech,1140
lapey,1
lapse,283
large,5806
largely,805
larger,2408
largest,7806
larsen,185
lasted,98
lasting,164
late,1672
latent,386
later,2865
latest,3241
latin,249
lauded,249
launch,6216
launched,1790
launchpad,399
laundering,267
lavish,119
law,3264
lawn,188
lawsuit,1538
lawyer,752
lay,657
laying,529
layoff,368
layout,304
ldo,183
le,3731
lead,3223
leader,4058
leadership,1531
leading,5218
leakage,15
leapt,190
learn,928
learning,1962
learnt,458
lease,633
leased,227
leave,686
leaving,706
lecturer,193
led,3497
ledger,190
lee,167
left,1513
leg,280
legacy,1267
legal,1512
legally,456
legislation,379
legislature,25
leisure,755
lekha,27
lend,226
lender,2743
lending,565
length,233
leo,197
lesser,22
lesson,412
lessor,213
let,1387
leung,190
level,6308
levelthis,189
leverage,836
leveraged,207
leveraging,1051
levied,307
levy,526
lewis,221
lhb,4
liability,1156
liable,104
liberalisation,299
liberalized,83
lic,232
licence,652
license,309
licensed,399
lido,183
lie,1056
lieu,213
life,10242
lifeline,210
lifepoint,47
lifestyle,3875
lifetime,367
lifting,611
light,1676
lighthouse,83
lightly,208
lightspeed,767
like,14125
likelihood,469
likely,3880
lim,380
lima,570
limit,3819
limited,2833
limiting,85
lindner,2
line,2453
lingering,204
lingeswara,190
link,1211
linkage,245
linked,880
linking,166
lion,35
lipsky,1
liquid,287
liquidity,1003
list,2224
listed,1406
listen,220
listing,616
literacy,772
little,1112
liu,44
livability,188
live,900
lived,118
livelihood,476
lively,157
living,5057
llama,191
llc,213
llp,487
llps,58
lndian,570
load,56
loaded,18
loan,7390
lobby,666
local,3956
localcircles,202
locale,156
locality,192
localized,194
locally,432
located,923
location,4159
lock,593
lockdown,605
locking,195
lodha,1627
loggerhead,192
logic,385
logistical,229
logistics,1436
logo,395
lok,845
london,865
long,4166
longer,1436
longest,153
longtime,213
look,3743
looked,391
looking,2975
los,50
losing,810
loss,2201
lost,2016
lot,2778
lounge,4726
lover,64
low,4340
lower,5342
lowest,999
lp,13
lpg,405
lseg,169
lta,40
ltm,3
lufthansa,198
luggage,57
luiz,1
lula,1
lululemon,190
lump,211
lung,181
lure,21
luxor,190
luxurious,1141
luxury,3365
lying,108
mac,198
machine,583
mackenzie,2
mackler,190
macquarie,66
macro,388
macroeconomic,371
macroeconomics,17
macrotech,156
madad,8
madhav,190
madhya,242
madras,454
maestro,277
magic,449
magnificent,519
magnitude,241
maha,153
mahamarg,188
maharaj,379
maharaja,262
maharashtra,1555
maheshwari,521
mahindra,1162
maiden,59
main,1949
mainly,959
mainstay,136
mainstream,468
maintain,1429
maintained,1111
maintaining,1167
maintains,404
maintenance,771
majiwada,1431
major,7050
majority,1741
make,12825
maker,1444
making,6295
makingtournaments,189
makolo,190
malaika,27
malhotra,416
mall,943
malviya,382
mamata,29
man,508
manage,415
manageable,44
managed,856
management,4114
manager,2080
managing,2351
manak,1
mandarin,82
mandate,406
mandated,149
mandating,256
mandatory,306
mandya,190
manhattan,387
manipal,119
manish,181
mann,6
manner,783
manpower,239
mantri,428
manufacture,427
manufactured,710
manufacturer,2274
manufacturing,6789
manvendra,570
manzi,190
map,231
marar,1
marathon,393
march,5036
marcus,190
marg,156
margin,824
marginal,302
marginalized,190
marginally,508
marine,128
mark,2997
marked,1189
market,31492
marketed,200
marketing,1428
marketplace,482
marvel,566
marvion,190
mason,769
massachusetts,211
massive,1762
mastercard,223
masterclasses,190
match,605
matching,73
material,1792
maternity,390
math,303
mathew,196
matter,2636
matthew,215
mattress,192
maturing,106
maturity,950
mauritius,284
maximising,200
maximum,1438
maya,604
mayfield,190
mayura,189
mb,208
mchi,1991
mckinsey,390
md,2010
mea,11
meager,197
meal,457
mean,3367
meaning,669
meaningful,1348
meant,567
measure,2569
measured,481
mechanism,993
medalist,758
median,144
mediawire,827
medical,4261
medicine,413
meditation,189
medium,2834
meet,4593
meeting,3651
mega,614
megawatt,12
mehra,193
mehta,696
mellerud,570
melody,188
member,5984
membership,98
memorandum,908
memory,290
men,241
menifee,1
mention,371
mentioned,2086
mentioning,235
mentor,1333
mentoring,196
menu,30
merchant,717
merely,517
merge,238
merged,254
merger,1037
merging,250
meritless,3
message,762
messaging,38
met,747
meta,495
metal,1257
method,1446
methodology,233
meticulously,1037
metlife,2269
metre,591
metric,386
metro,2650
metropolis,196
metropolitan,743
mha,1333
mich,190
michael,269
micro,186
microfinance,94
mid,430
middle,1751
middleman,591
migrant,210
migrated,13
migrating,57
migration,60
mike,19
mild,203
mile,235
milestone,1087
milind,33
military,276
milk,142
milkbasket,2
milled,193
miller,194
millet,766
milling,382
million,13671
mind,1335
mindset,306
miner,1948
mineral,482
mingles,156
minh,784
minimum,1768
mining,2136
minister,10625
ministry,5627
minor,665
minster,190
mint,206
minute,1682
misguided,192
misleading,251
mismatch,277
misra,784
miss,360
missed,211
missile,115
missing,437
mission,985
mistake,689
mistry,148
misuse,435
misused,281
misusing,35
mitigate,291
mitigates,191
mitil,84
mittal,862
mix,489
mixer,198
mixture,190
mla,224
mmr,1530
mobile,4702
mobilisation,108
mobilising,193
mobility,896
mode,3186
model,4764
moderate,144
moderated,545
modern,1824
modernisation,361
modernise,380
modernity,422
modest,576
modi,2862
modification,225
mogul,199
mohan,441
moin,268
moment,666
momentum,1083
monali,27
monday,3544
mondelez,31
monetary,2395
monetise,194
monetization,24
money,3813
monitor,669
monitored,65
monitoring,563
monopolistic,194
month,18598
monthly,1663
moon,227
mop,191
moradabad,191
morale,13
morning,389
moschini,190
mother,169
motherhood,131
motilal,240
motion,523
motivation,79
motor,936
mou,627
moved,982
movement,675
movie,528
moving,835
moya,190
mp,321
mr,1815
msci,97
msme,489
msmes,307
mt,398
mtnl,214
mto,1
mudra,216
muhammad,21
mukesh,886
mukt,190
multilateral,461
multilateralism,190
multimodal,129
multiple,3480
multiplier,201
multipurpose,168
multispeciality,48
multispecialty,188
multispectral,190
mumbai,9682
munch,4
munot,58
murmu,274
mushroomed,190
musk,863
mustard,199
mutual,1958
mw,76
mwp,1
myanmar,85
myriad,63
nachiket,190
nadu,1089
nag,383
nagad,190
nagaon,190
nagar,114
nageswaran,268
nagrik,191
nahar,54
naina,128
nairobi,206
nalgonda,190
nalin,190
nam,760
named,572
nanda,202
nansen,380
narang,83
narasaraopet,190
narendra,902
narendramodi,197
nari,249
narrative,567
narrow,279
nascent,227
nasscom,2143
nataraj,190
nation,2878
national,4998
nationality,3
nationwide,778
natural,862
naturally,203
nature,890
navashish,27
navi,450
navigate,189
navigator,190
navjeevan,108
navneet,61
navy,224
nayak,192
nclat,306
nclt,710
ncrb,190
nda,625
ndrf,190
ndrfhq,190
near,1279
nearing,304
nearly,3402
necessarily,421
necessary,1434
necessity,604
necklace,756
need,13629
needed,2170
needing,206
needy,190
negative,559
negatively,233
neglected,214
negotiating,35
negotiation,243
neighborhood,248
neighbourhood,156
nestled,946
net,5895
network,5186
networking,100
neutral,303
new,45500
newlight,190
newly,461
news,2114
newspaper,43
newsreach,119
nfsa,190
nguyen,205
nh,219
niam,27
niche,262
nidhi,776
nift,108
nifty,1419
night,230
nikunj,79
ninth,213
nippon,244
nipun,190
nirbhaya,190
nirmala,1728
nishant,196
nishimura,570
nishtha,190
niti,648
nmia,144
nmims,113
nod,445
nodal,666
node,148
noelle,159
noida,274
noisy,200
nominated,262
nominating,192
nomination,1144
noncompliance,190
nonprofit,200
nora,114
norm,883
normal,220
normally,233
northeast,212
northern,254
notable,661
notably,382
note,2198
noted,1590
noteworthy,289
notice,2928
notification,467
notified,1046
noting,419
nova,9
november,2939
nowadays,197
np,5135
nri,53
nris,306
nsc,487
nsdl,239
nse,413
nsitharaman,198
nudge,88
number,8422
numerous,974
nurture,665
nurturing,437
nutrition,433
nutritional,205
nuttall,380
nv,6
oanda,383
objective,849
obligation,725
observatory,108
observe,21
observed,364
obtain,400
obtained,359
obtaining,293
obviating,83
obviously,232
occasion,340
occur,298
oct,293
october,3842
odds,453
odisha,900
odour,8
offender,190
offer,14189
offered,1682
offering,6344
office,2245
officer,4702
official,5853
officially,254
offshore,798
ofwill,144
oil,3228
ola,359
old,4849
older,205
ole,1
olympics,442
om,215
omnivore,190
onboard,448
ondc,584
onestechnology,190
oneweb,10
ongoing,2092
ongole,190
online,4727
onset,428
onshore,407
onus,219
onward,29
oommen,1710
opal,6
open,3468
openai,422
opened,960
opening,866
openly,203
operate,1959
operated,985
operates,1465
operating,3142
operation,5272
operational,1440
operationalized,190
operationdost,190
operator,1990
opinion,426
opportunity,7983
opposed,846
opposite,204
opposition,579
ops,1226
opt,1058
opted,511
optical,227
optimally,191
optimised,191
optimising,199
optimism,296
optimized,118
opting,708
option,7720
optionally,191
opulence,515
opulent,439
orbit,214
orbiter,190
order,9048
ordered,379
ordering,210
orderly,280
oreo,4
organic,246
organisation,1366
organised,1046
organization,1270
organizational,3
organize,196
organized,638
organizing,161
orientation,198
origin,239
original,462
originality,46
originated,32
originating,66
origination,3
oscar,36
oswal,189
ounce,89
outbreak,222
outcome,667
outdoor,555
outdoors,188
outflow,584
outlay,268
outlet,249
outline,131
outlined,922
outlining,291
outlook,1106
outperforming,61
output,1965
outreach,206
outset,84
outside,1410
outstanding,905
overall,3180
overcame,190
overcapacity,8
overcome,446
overcoming,230
overcrowded,190
overhaul,378
overlap,204
overlooking,364
overly,63
overseas,1359
oversee,230
oversight,400
overstepping,190
overwhelmed,194
overwhelming,72
owed,223
owing,507
owned,691
owner,624
ownership,406
owning,292
owns,488
oxford,85
p51800054551,156
pa,9
pace,1310
pack,295
package,1905
packaging,267
packard,9
pad,192
padamshali,190
padma,202
page,293
pai,208
paid,2357
pain,227
paisa,290
pakistan,1281
palash,190
pale,197
palladium,17
pan,1466
panache,190
panaji,340
pandavkhada,108
panday,495
pande,950
pandemic,4724
pandey,400
panel,5012
panelist,383
panellist,190
pangea,47
panipat,192
pant,191
pantheon,2
panvel,111
paper,490
par,418
para,2956
paradoxical,190
parameter,668
pared,213
parekh,270
parent,1557
parental,191
parfum,190
parimal,27
paring,195
parity,394
park,1832
parlance,200
parliament,736
parliamentary,466
parsik,108
participant,941
participate,760
participated,391
participating,455
participation,1361
particular,600
particularly,1688
partly,212
partner,6617
partnered,238
partnering,161
partnership,4647
party,1115
passage,130
passed,1024
passenger,3779
passi,190
passing,264
passion,645
passport,36
past,3695
pat,202
patel,181
patented,197
path,991
pathway,197
patidar,61
patient,3106
paucity,190
pave,287
paved,174
paving,416
pawan,89
pawar,82
pay,4896
paying,1273
payload,1019
payment,7007
payout,100
payouts,241
paytm,665
pbc,2
pd,570
pdd,826
peace,415
peaceful,385
peak,1574
pedigree,1
peer,544
pen,82
penal,3234
penalty,1954
penchant,190
pending,461
penetration,914
pension,7775
pensionable,190
pensioner,839
penurious,190
people,9457
perceived,244
percent,1233
percentage,802
perception,341
perfect,2245
perfectly,323
perform,179
performance,2212
performed,281
performer,91
perfume,985
period,6285
permanent,288
permira,3
permitted,165
permitting,17
perplexed,192
persist,605
persistence,206
persistently,425
persisting,390
person,2655
personal,2058
personality,49
personalized,20
personally,47
personnel,701
perspective,1381
persuaded,190
persuading,16
pertaining,216
pesticide,198
petered,2
petition,452
petrol,1189
petroleum,403
pfrda,447
phase,1431
phased,434
philanthropy,211
phoenix,53
phone,1428
phonepe,707
physic,204
physical,1290
pi,190
pick,492
picture,1868
pieter,573
pilgrim,194
pillar,917
pilot,716
pin,229
pioneer,435
pios,190
pipeline,510
piramal,112
pirate,194
pitch,408
pitchathon,190
pitching,195
pivot,33
pivotal,1164
piyush,274
place,4284
placed,1036
placement,163
placing,304
plan,12375
plane,812
planet,505
planned,2571
planning,1760
plant,1177
plastic,479
plastipak,190
platform,8454
platinum,462
play,3013
played,717
player,3191
playing,1250
plaza,210
plc,272
plea,675
pleaded,397
pleased,109
pledged,531
plenty,393
plethora,621
plough,201
plug,186
plummeting,99
plunge,251
plunged,766
plus,1172
plush,188
pm,1325
pmay,412
pmgkay,190
pmi,895
pnb,2412
pod,199
podium,359
point,6993
pointed,946
pointer,87
pointing,255
poised,986
pokhran,1032
polaris,109
police,385
policy,16568
policyholder,2702
political,1093
polity,80
poll,396
pollyanna,190
polyester,387
polymer,203
pool,3162
poor,1037
popular,1614
population,1699
populist,98
port,1472
portal,2204
portfolio,1601
portion,978
portugal,20
pose,530
posed,445
position,3524
positioned,227
positioning,353
positive,1995
positively,478
possession,467
possibility,1145
possible,2445
post,2895
posted,544
postpone,304
postponed,248
potential,6608
potentially,1428
pound,355
poured,222
poverty,340
powder,416
powell,593
power,4878
powerful,1462
ppf,639
ppi,35
ppis,10
ppp,215
practically,215
practice,2519
practitioner,87
pradesh,3013
pradhan,428
pradrsh,190
praise,76
praised,335
prakash,74
prasad,468
pratyush,192
praya,83
precaution,14
precautionary,9
preceding,825
precht,1
predictability,102
predictable,202
predicted,263
prediction,503
predictive,205
predicts,107
prefer,370
preferable,190
preference,1260
preferred,444
prefers,9
prejudice,957
prelude,84
premature,410
premia,20
premier,936
premise,14
premium,6176
prepaid,19
preparation,270
prepare,354
prepared,140
prepares,246
preparing,560
prescriptive,271
presence,2256
present,3335
presented,1082
presently,224
preserve,101
preserved,333
presidency,818
president,5010
presidential,186
press,2796
pressing,413
pressure,2222
prestige,187
prestigious,1010
pretty,189
prevailing,67
prevails,193
prevent,1123
prevention,343
preventive,530
previous,4601
previously,2328
price,13082
pricing,428
pride,3064
primarily,1188
primary,1753
prime,3201
primus,1
prince,428
principal,184
principle,1220
print,453
printing,197
prior,1119
prioritised,353
prioritize,370
prioritizing,163
priority,1201
pristine,156
privacy,762
private,5392
privatisation,603
privatization,34
prize,220
proactive,823
probably,366
probe,240
probed,197
probing,203
problem,1608
procedural,25
procedure,900
proceeding,708
proceeds,369
process,3922
processed,564
processing,545
procter,202
procure,578
procurement,2193
procuring,8
produce,1635
produced,5132
producer,254
producing,767
product,13818
production,3216
productive,298
productivity,715
prof,394
profession,95
professional,2091
professionalized,380
professor,309
profile,358
profit,2123
profitability,928
profitable,278
program,2841
programme,1548
programsit,64
progress,1168
progression,33
progressive,510
project,11998
projected,733
projectile,2
projection,398
proliferation,205
prolific,8
prolonged,268
promenade,108
prominence,272
prominent,1405
prominently,21
promise,2450
promised,447
promising,218
promote,1576
promoted,380
promoter,697
promoting,2125
promotion,908
prompt,349
prompted,687
prone,21
proof,673
prop,229
propagates,74
propel,255
propelled,652
propensity,383
proper,192
property,6397
proportion,341
proportionality,760
proposal,2219
propose,272
proposed,2400
proposes,249
proposition,236
prosecution,196
prosecutor,815
prospect,1183
prospective,206
prospered,47
prosperity,451
prosperous,207
protect,944
protected,223
protecting,283
protection,865
protective,202
protects,278
protest,137
protesting,40
protocol,307
proud,331
prove,554
proven,433
provide,5648
provided,3311
provident,887
provider,2105
provides,4023
providing,4979
provision,1691
prowess,310
proximity,839
proximus,2
proxy,89
prudence,288
prying,190
psyche,194
pti,717
public,7618
publicly,458
published,1356
puducherry,580
pull,280
pulled,632
pulse,302
pummeled,183
pump,4064
pumping,221
pune,809
puneet,84
punished,1
punjab,1247
purchase,4201
purchased,1034
purchaser,393
purchasing,2101
purely,120
puri,388
purportedly,203
purpose,1121
pursue,372
purview,200
push,919
pushed,528
pushing,412
putting,417
puzzle,214
pvc,199
pvt,1238
pyramid,411
q1,619
q2,271
q3,583
q4,419
q5,173
q6,173
q7,173
qr,204
qualification,215
qualifier,3
qualifies,116
qualify,518
qualifying,269
qualitative,196
quality,4730
quantify,199
quantitative,231
quantity,267
quantum,1485
quarter,5626
quarterly,645
queen,661
queer,570
query,625
quest,407
question,1508
questioned,71
questionnaire,208
queue,253
quick,350
quicker,438
quickly,338
quieter,74
quite,706
quo,251
quota,218
quote,81
quoted,933
quotient,243
rabbit,190
rabi,214
racing,27
radar,1180
radical,214
radically,205
radisson,94
radius,336
raghav,74
raghavan,390
raghuram,383
raigad,76
rail,874
railway,4383
rain,529
rainbow,383
raise,1960
raised,3252
raising,679
raj,288
rajamahendravaram,190
rajan,784
rajasthan,1429
rajat,205
rajendra,32
rajesh,57
rajkot,192
rajnandgaon,190
rajya,598
rake,107
rallied,419
rally,1502
rameswar,190
rampant,49
ran,629
randy,3
range,3411
ranging,790
rank,379
ranked,546
rankireddy,945
raote,69
rapid,861
rapidly,1324
rare,495
rarity,2
rastogi,190
rate,20923
rated,207
ratesif,190
ratio,2572
ration,612
rationale,289
rationalisation,544
ravi,526
ravichandran,462
raw,360
rawat,189
raymond,2349
rbi,5383
rd,252
reach,2490
reached,1699
reaching,712
reaction,801
reactive,174
reactor,201
read,4042
reade,1
ready,1073
readying,201
reaffirm,120
reaffirms,388
real,8377
realise,203
realised,251
reality,1412
realize,84
really,968
realm,153
realty,4628
reaping,118
reason,2013
reasonable,544
reasonably,87
reassignment,1
reassurance,4
rebound,695
rebounded,235
recalled,235
receipt,585
receive,2151
received,2227
receiving,821
recent,4968
recently,3654
reception,129
recession,473
recharge,390
recitation,190
reclassified,192
recognised,1239
recognising,57
recognition,964
recognize,97
recognized,652
recognizing,618
recommend,458
recommendation,930
recommended,671
recommending,21
recommends,106
reconcile,11
reconnaissance,190
record,5698
recorded,504
recounted,196
recouping,190
recover,162
recovered,295
recovering,225
recovery,574
recreation,111
recreational,805
recruiting,55
rectification,8
recycling,251
red,513
redeem,201
redefine,420
redefining,355
redeveloped,190
redeveloping,190
redevelopment,839
redistributed,3
reduce,1951
reduced,1540
reducing,1317
reduction,1755
redwood,8
reeling,265
reevaluate,6
reference,479
referring,59
refers,233
refinery,314
refining,79
reflected,776
reflecting,552
reflects,880
reform,2974
refrain,44
refrained,81
refuge,10
refund,2088
refusal,213
refute,190
regain,421
regained,220
regard,405
regarded,225
regarding,2134
regardless,283
regent,216
regime,4868
region,3614
regional,1211
register,737
registered,2034
registering,107
registration,1341
regret,205
regular,1361
regularly,541
regulate,693
regulated,664
regulation,2681
regulator,4166
regulatory,3773
rehabilitation,214
rehired,3
rein,60
reinforces,390
reinforcing,287
reinstatement,191
reinstating,194
reintroduction,6
reinvigorate,201
reiterating,10
reject,364
rejected,681
rejuvenate,204
related,2296
relating,356
relation,563
relationship,1165
relative,313
relatively,1105
relaxation,489
release,2708
released,2684
relevance,110
relevant,749
reliability,119
reliable,275
reliance,4411
relied,122
relief,1816
religious,232
relocation,234
reluctance,229
reluctant,414
rely,268
remain,2220
remained,1362
remaining,650
remains,2988
remark,312
remarkable,997
remarked,148
remember,114
remind,163
remission,194
remittance,315
remitted,21
remote,646
remotest,190
removal,402
remove,500
removed,317
removing,236
render,198
renewability,572
renewable,1256
renewal,593
renewed,494
renowned,1277
rent,1279
rental,1053
reopen,303
reopened,381
reorganization,2
repaid,51
repair,305
repaying,279
repeat,37
repeated,245
repeatedly,298
replace,336
replaced,271
replacement,125
replacing,60
replete,47
replied,208
reply,1299
replying,193
repo,170
report,12976
reported,3754
reportedly,297
reporter,336
reporting,2456
repositioning,7
represent,461
representation,589
representative,1326
representing,377
represents,570
reputation,366
request,1101
requested,543
require,977
required,3510
requirement,3525
requires,1358
requiring,363
requisite,205
rera,567
rescue,418
research,3489
researcher,280
researching,197
resembles,84
reserve,4865
reserved,450
reservoir,206
reshuffle,198
residence,1327
residency,16
resident,2737
residential,3302
residing,58
residual,9
resilience,1452
resilient,661
resistance,518
reskilled,85
reskilling,74
resolution,1960
resolve,1225
resonate,182
resource,1873
respect,1009
respectful,178
respectively,752
respond,909
responded,243
respondent,938
responding,295
response,2205
responsibility,814
responsible,1103
rest,576
restart,430
restaurant,589
restoration,83
restoring,25
restrict,249
restricting,234
restriction,286
restrictive,326
restricts,16
restructure,56
restructured,196
restructuring,381
restructurings,159
result,3717
resulted,200
resulting,988
resume,866
resumed,264
resumption,191
resurgence,80
retail,4796
retain,347
retained,145
retaining,263
retains,11
retaliatory,22
retired,352
retirement,1322
retiring,46
retreat,677
retreated,427
return,9042
returned,311
returning,75
reused,202
reuters,1417
revalidates,190
revamp,288
revamped,176
revamping,8
revealed,770
revelation,231
revenge,1
revenue,6578
revenueperformance,1
reversal,258
reverse,486
revert,393
review,4614
reviewed,142
reviewing,302
revised,1253
revision,387
revisit,84
revival,821
reviving,215
revolution,248
revolutionise,398
revolutionizing,192
revolve,24
revolves,196
reward,809
rewarded,227
rice,1066
rich,1723
richard,193
richest,298
richness,144
rick,159
rid,183
ride,488
rider,1915
rig,408
right,8813
rightly,147
ringing,192
riot,386
risat,190
rise,3410
risen,819
rising,2254
risk,5482
risky,243
rival,936
rivalry,195
rk,381
road,4086
roadblock,202
roadmap,594
roadway,140
roaring,221
robotics,214
robust,2175
robustness,91
rocket,1040
rohtak,190
role,5353
roll,124
rolled,673
rolling,1020
rollouts,190
rollover,3
romell,155
roof,373
rooftop,951
room,2145
root,61
rose,2382
rostin,190
rothschild,64
roudet,1
roughly,603
round,1993
roundtable,397
rout,750
route,1128
roy,212
royal,309
royston,27
rpl,183
ruby,47
rudrani,190
ruhie,1710
rule,5160
ruling,524
rumor,192
run,2019
runaway,116
running,1014
runwal,74
runway,273
rupee,918
rural,2378
rush,465
russia,391
russian,233
rustomjee,74
ruth,39
rwandair,190
saas,248
saath,83
sabha,1222
sabka,332
sabnis,368
sachs,180
saf,664
safe,1829
safeguard,409
safely,209
safety,1795
sag,1
sagged,186
saharanpur,193
sahyadris,47
sai,306
said,57300
sailing,3
saint,170
sajan,173
salaried,1091
salary,3160
sale,6612
salesforce,30
sam,560
sambalpur,190
sameer,398
sample,214
samruddhi,188
samuel,196
samvaad,950
sanction,742
sanctioned,288
sanctuary,468
sand,204
sandeep,362
sanghavi,79
sangli,190
sanitation,675
sanjay,871
sanjeev,214
sanjeevani,47
sank,205
santy,173
sap,387
sar,2281
saraswath,190
sarttac,190
sarvam,222
sarvjeet,1
sasha,194
satcom,44
satellite,1514
sathya,109
satisfying,192
satish,207
saturday,1203
satwik,189
satwiksairaj,756
satyam,650
save,1340
savills,188
saving,4545
saw,2187
saxo,7
say,8364
saying,1936
sbi,1391
scale,2925
scaling,122
scarce,199
scenario,731
scene,599
scent,190
scheduled,1560
scheme,11624
scheming,190
school,2362
science,521
scindia,426
scope,1011
score,2028
scrapped,215
scrapping,257
scratching,190
scrutiny,722
sdg,635
sdgs,573
sdrs,217
sdsc,190
sea,1141
sealed,413
seamless,1982
seamlessly,802
search,579
season,1652
seasonally,206
seat,728
seating,244
seawoods,108
sec,4279
second,4424
secondary,966
secondly,211
secret,235
secretariat,38
secretary,1784
section,4381
sector,15943
sectoral,320
secure,2340
secured,593
securely,222
securitization,190
security,6616
seed,427
seeing,590
seek,1530
seeker,1550
seeking,1637
seen,3593
seep,4
segment,2057
select,1017
selected,142
selecting,42
selection,355
self,583
sell,1054
selling,1345
selloff,304
semicon,193
semiconductor,1378
seminar,358
senco,380
sending,124
senior,5188
seniority,92
sensational,120
sense,1127
sensex,2270
sensing,208
sensitive,336
sensitize,190
sent,1272
sentiment,995
separate,559
separately,435
september,3320
sequential,255
sequestering,190
sequoia,205
serene,354
serenity,688
serf,1090
sergio,9
series,2399
seriously,55
servant,210
serve,1340
served,1348
server,475
service,16953
serving,596
session,1620
set,8634
setting,3163
settl,760
settled,893
settlement,1279
seven,1859
seventh,164
severe,491
severity,201
sewri,108
sexual,195
sexuality,190
sgst,397
shah,177
shakti,213
shaktikanta,248
shall,1468
sham,191
shanbaug,189
shanghai,620
shape,370
shapella,190
shaping,630
shar,190
share,9467
shared,2111
shareholder,2128
shareholding,514
sharif,4
sharing,516
sharktank,190
sharma,551
sharon,190
sharp,1135
sharply,709
sharpness,190
shattered,195
shed,402
shedding,215
sheehan,760
sheet,1098
shehbaz,1
shell,258
shelved,205
shetty,772
shgs,128
shift,1605
shifting,360
shinde,117
shining,229
ship,940
shipping,838
shivaji,446
shobhna,570
shock,300
shoe,415
shone,199
shop,256
shopkeeper,407
shopping,783
shore,67
short,2436
shortage,348
shortcoming,214
shorter,500
shortfall,235
shortlisted,196
shortly,514
shot,280
showcase,533
showcased,535
showcasing,547
showed,1553
shower,46
showing,1188
shown,769
shrank,26
shravan,113
shreshth,61
shri,725
shrink,225
shroff,28
shrunk,227
shut,716
shutdown,2698
shuttered,194
shutting,205
shuttle,189
shuttlers,756
shvets,2
sia,79
sick,143
siddharth,205
sideline,501
sidestep,190
sigh,198
sight,116
sign,897
signal,423
signaled,77
signalled,210
signature,329
signed,952
significance,238
significant,8691
significantly,1658
signifies,207
signing,439
silence,200
silent,40
silently,144
silicon,450
silva,1
silver,410
silvina,190
similar,2114
similarly,795
simple,986
simpler,332
simplification,49
simplify,154
simply,308
simultaneously,583
sindhu,192
singapore,1173
singh,2271
singhal,202
singhania,306
single,1967
sinking,216
sir,406
sirsa,190
sisir,380
sit,138
site,546
sitharaman,2304
sits,212
sitting,281
situation,2247
sixth,182
sizable,118
size,2113
skeptic,160
skill,1822
skilled,648
skilling,603
sky,506
skyline,444
slack,1
slackened,1
slap,6
slashing,217
sleeper,242
sleeve,190
slew,253
slide,206
slight,396
slightly,533
slipped,304
slipping,203
slogan,311
slow,980
slowdown,805
slowed,558
slowing,491
slowness,760
sluggish,67
slumped,79
slwm,64
small,4064
smaller,1224
smart,1686
smell,210
smelly,12
smes,233
smith,216
smoke,192
smoker,190
smoking,424
smoother,22
smriti,81
smt,428
soap,203
soared,355
soaring,726
sobo,108
social,4048
socialist,190
socialmedia,190
societal,377
society,1987
soft,591
software,818
solana,812
solar,998
solarization,83
sold,1415
solely,161
solid,381
solidarity,219
solidify,19
solidifying,18
solution,4947
solve,248
solving,416
som,62
somanathan,325
somewhat,71
sonipat,190
soon,2423
soothing,161
sophisticated,476
sophistication,903
sore,3
sort,498
sorted,191
sotiriou,190
sought,744
sound,1905
source,8627
sourced,238
sourcing,393
soured,190
south,1434
southeast,310
southern,344
sovereign,602
space,10091
spacex,51
spacious,781
spain,58
span,250
spanned,151
spanning,1158
spate,179
speak,277
speaker,962
speaking,774
spearheaded,232
spearheading,78
special,2467
speciale,191
specialist,230
specializes,201
specially,585
specialty,201
specific,1903
specifically,410
specified,480
specify,356
spectacular,238
spectrum,931
speculation,350
speculative,626
speculator,21
speech,782
speed,1599
spell,268
spend,917
spending,1881
spent,610
spike,118
spinoff,191
spirit,802
split,269
spm,268
spoilt,51
spoke,785
spoken,29
spokesperson,1578
sponsor,208
spoonful,4
sport,2559
sporting,399
spot,629
spotlight,680
spouse,395
sprawling,459
spread,1178
spreadsheet,190
spree,29
spring,392
sprinkled,5
sprint,83
spurred,436
spurt,209
sq,1342
square,1104
squash,163
squeeze,216
sr,210
sreelakshmi,190
sri,632
srikakulam,192
srilankan,190
srinagar,926
srinath,459
srivastava,482
srividya,190
stab,1
stabilisation,8
stabilising,211
stability,925
stabilization,15
stabilize,38
stable,663
stack,669
stadium,497
staff,1020
staffing,143
stafford,190
stage,1816
stagflation,3
staggered,205
staggering,422
stagnant,210
stake,2044
staked,747
stakeholder,1771
staking,1932
stamp,497
stamping,1
stance,462
stand,3251
standard,4510
standardized,144
standardizing,4
standby,5
standing,1006
standout,456
star,1279
stark,231
starlink,101
starry,27
starsin,189
start,4063
started,2213
starting,2821
startup,12340
state,12519
stated,2010
statement,6020
stating,1222
station,1911
statistic,362
statistical,230
stature,32
status,1902
stay,804
stayed,285
stead,192
steadily,509
steady,553
steadying,149
stealth,214
steam,199
steel,1590
steep,229
steer,176
steering,205
stellar,261
stem,89
step,4315
stephane,7
stepped,525
stepping,210
stetsenko,2
steven,195
sticky,212
stifle,61
stimulant,80
stimulate,375
stipulate,191
stir,18
stock,8276
stockpiled,1
stoked,193
stolen,263
stood,659
stop,385
stopped,1171
stopper,75
storage,900
store,2110
stored,815
storing,16
story,1400
straight,889
straightforward,405
stranger,190
strategic,2233
strategically,560
strategist,531
strategizing,8
strategy,3607
stratified,190
streak,95
stream,657
streamline,93
streamlining,634
street,1400
strength,1416
strengthen,1430
strengthened,323
stress,363
stressed,680
stressful,1
strict,384
strictly,241
strike,393
stringent,409
stripmap,190
strive,419
striving,391
stroke,200
strong,3852
stronger,392
strongly,568
struck,533
structural,337
structure,760
struggle,453
struggled,266
struggling,755
stubbornly,19
student,534
studied,220
study,2192
studying,23
stunning,1493
stylish,275
subahoo,1
subdued,510
subhangi,190
subject,1759
submit,1379
submitted,254
submitting,106
suborbital,190
subramaniam,6
subscriber,2025
subsequent,606
subsidiary,524
subsidised,243
subsidy,919
substantial,1278
substantially,452
substantiate,7
substitute,51
suburb,69
succeed,725
succeeded,78
succeeding,238
success,3384
successful,1742
successfully,1453
successive,228
sucking,183
sudin,184
sued,803
suffered,521
suffice,180
sufficient,672
sugar,127
suggest,549
suggested,912
suggests,735
suisse,43
suit,612
suitable,489
suitably,388
sujeet,380
sukhraj,54
sukhtankar,190
sum,2213
suman,80
sumit,384
summarize,193
summer,976
summit,1353
sun,277
sundari,191
sunday,605
sundeck,188
sundecks,190
sundowner,188
sunil,299
sunset,294
sunshine,190
super,1191
supercharged,197
superior,803
superlative,365
supplement,210
supplemental,198
supplementing,64
supplier,450
supply,4904
support,9261
supported,933
supporter,249
supporting,1409
supportive,477
supposed,616
supremacy,7
supreme,2082
surcharge,357
surcharged,2
sure,771
suresh,82
surface,234
surge,997
surged,1029
surging,102
suri,951
surpassed,436
surpassing,648
surplus,207
surprise,806
surprised,84
surprising,133
surrounded,299
surrounding,556
surroundings,440
survey,2363
survive,398
sushma,192
suspended,72
suspending,414
suspension,1348
suspicious,237
sustainability,1760
sustainable,3555
sustained,462
suzuki,400
svp,221
swathe,193
sweeping,120
sweetener,144
swell,202
swfs,57
swift,72
swiftly,333
swimming,988
swing,154
swiping,190
swiss,269
switch,98
switched,232
switching,204
switzerland,68
symbol,38
symphony,609
sync,639
synergise,190
synergy,818
synonymous,387
synopsys,1
synthetic,221
syria,209
syrian,10
systemic,220
systemically,194
t3,598
taai,570
table,794
tableau,1
tabled,211
taboo,190
tabulation,27
tackle,119
tag,118
taglines,4
tailored,826
taken,3143
takeoff,16
takeover,61
taking,3161
talent,2569
talented,216
talk,2001
talked,230
talking,499
tally,29
talyan,189
tamer,3
tamil,1298
tampered,190
tangible,232
tank,156
tanker,207
tann,4
tap,762
tapan,194
tapped,419
tapping,70
target,4081
targeted,939
targeting,478
tariff,1968
task,1871
tastefully,188
tata,5636
tax,29324
taxable,1053
taxation,1021
taxed,201
taxing,113
taxiway,193
taxpayer,7406
tbtf,1
tc,919
td,103
tds,3118
teacher,209
team,3862
teamed,338
teamlease,50
tech,5343
techforgood,950
technical,1986
technically,581
technique,521
technological,1163
technologist,202
technology,18071
tedx,48
tehran,13
tejas,268
tel,10
telangana,814
telco,223
telecom,10049
telecommunication,447
telephone,206
televised,197
teli,380
tell,289
telling,39
temasek,222
temperature,250
temple,1190
temporarily,408
temu,244
tenant,147
tencent,201
tend,186
tendered,5
tends,35
tension,504
tenterhook,2
tenure,3544
tenx,1204
tepid,30
term,14911
termed,434
terminal,1493
terminated,74
terminating,5
termination,86
terminus,193
terrace,296
terrain,227
terrible,189
territory,642
terrorist,212
tesla,1035
test,1028
testament,652
tested,231
testified,195
testifying,196
testimony,579
testing,633
texas,240
text,491
textile,591
thailand,1000
thakkar,7
thakur,580
thane,8500
thanh,195
thanked,400
thanking,381
thanks,275
thapliyal,1
thaw,190
theatre,285
thebrics,1
theme,714
theoretically,194
thing,2451
think,2672
thinking,153
thirdly,203
thirty,151
thiruvananthapuram,539
thoothukudi,190
thorough,230
thought,923
thoughtfully,685
thousand,880
threat,580
threaten,22
threshold,1213
thrilled,434
thrive,629
thriving,658
thrown,194
thrust,132
thursday,4654
ticket,591
tide,375
tidpl,1
tie,273
tied,301
tier,505
tight,78
tightening,561
till,2367
time,22282
timeframe,221
timeline,1167
timely,953
timing,230
tip,480
tipping,205
title,246
titled,446
toblerone,4
today,4869
toddler,188
toi,1091
toilet,38
token,3661
tokenisation,222
told,4643
tomorrow,422
ton,1358
tone,451
tonnage,570
tonne,2650
took,2467
tool,917
topic,252
topped,243
torchbearer,190
total,4720
toubro,189
touch,1302
touched,521
touching,105
tough,350
tougher,36
tour,90
tourism,1278
tournament,207
touted,237
tower,2833
town,735
township,451
track,2028
tracker,214
tracking,310
traction,467
trade,5168
traded,771
trader,1196
trading,5075
tradition,152
traditional,1481
traditionally,180
traffic,1514
trai,479
trailer,199
train,1805
trained,145
training,894
trajectory,1400
tranche,75
tranquility,254
tranquillity,108
transact,594
transaction,5184
transatlantic,199
transfer,1452
transform,846
transformation,1372
transformational,402
transformed,699
transforms,213
transgender,380
transit,240
transition,1337
transitioned,233
translate,413
translating,216
translation,204
transmission,85
transmitted,190
transparency,1379
transparent,287
transport,1333
transporter,31
transporting,195
travel,3038
traveler,29
traveller,1253
travelling,390
treasury,572
treatment,1560
treaty,39
trebling,83
tremendous,411
trend,2348
trial,1413
tribal,200
tribulation,190
tribunal,627
trigger,672
triggered,163
trilateral,192
trillion,1684
trio,398
trip,493
tripathi,194
triple,399
triumph,222
troop,22
tropical,207
troubled,250
true,4896
truly,2106
trump,687
trust,1765
trusted,732
trustee,382
trustworthy,195
try,165
trying,1054
tsai,570
tsp,191
tube,216
tuesday,3960
tuition,82
tumakuru,190
tune,434
tuned,33
tunnel,493
turbine,252
turkey,242
turmoil,265
turn,1512
turnaround,326
turned,784
turning,605
tuteja,86
tutoring,193
tv,5609
tweet,1931
tweeted,217
twice,268
twinkling,108
twist,191
twitter,341
tyagi,955
type,2151
typical,280
typically,1516
uae,707
ubs,126
udaan,1903
udan,392
uday,230
ude,190
uhnis,2
uk,1133
ukraine,194
ukrainian,27
ulip,190
ullas,190
ultimate,946
ultimately,697
ultimatum,26
umbrella,312
unable,775
unappreciated,190
unauthorised,59
unavailability,29
uncertain,521
uncertainty,800
unchanged,490
uncharted,174
unclear,255
uncollected,190
uncommon,195
uncompromising,222
unconnected,384
undercut,2
undergoing,77
underground,601
underlined,417
underlying,349
undermining,198
underneath,190
underpaid,195
underpinning,212
underscore,609
underscored,277
underscoring,211
understand,1340
understanding,962
understands,209
understood,416
undertake,156
undertaken,360
undertakes,198
underutilised,190
underway,157
underwent,230
unemployment,464
uneven,38
unexpected,292
unfold,190
unfolded,206
unfolds,194
unfortunately,218
unfurlable,190
unicoin,190
unicorn,284
unified,1059
unilever,289
uninsured,194
union,5034
unique,2699
uniquely,530
unit,3835
united,1432
unity,275
universal,648
university,833
unkempt,190
unkwn,190
unlawful,16
unleashing,200
unless,280
unlike,756
unlikely,604
unlimited,416
unload,209
unlock,529
unlocked,8
unlocking,404
unmistakable,189
unparalleled,1593
unprecedented,788
unpredictable,199
unproven,197
unrecognized,73
unreconciled,83
unregistered,203
unrest,213
unrewarded,73
unsatisfactory,190
unscrupulous,60
unsettled,4
unsuccessfully,203
untapped,214
untimely,763
untitled,190
unturned,189
unveil,434
unveiled,615
unveiling,443
unwavering,781
unwieldy,2
unwind,259
uob,190
upadhyay,192
upay,190
upcoming,3561
update,1145
updated,876
upgrade,1635
upgraded,661
upgrading,265
upheld,421
uphold,220
upi,1035
upis,1
upliftment,197
upper,360
ups,338
upset,220
upskilling,103
uptick,483
upto,92
upturn,201
upward,637
upwards,257
urban,2023
urbanising,190
urge,588
urged,850
urgency,256
urgent,139
urging,279
urvashi,200
usability,1
usage,578
usd,1196
use,4681
used,4024
user,6661
usher,383
using,3787
uso,190
usof,570
usp,190
usual,531
usually,1457
ut,90
utilisation,126
utilised,225
utilisethe,190
utility,580
utilization,1365
utilize,1064
utilized,625
utilizing,283
utmost,498
utsav,1504
uttar,915
utthan,83
vaccination,88
vague,224
vaibhav,391
vaishnav,61
vaishnaw,1970
valambhia,27
validated,304
validates,191
validation,214
valkyrie,190
valley,501
valuable,808
valuation,1582
value,6901
valueact,1
valued,520
valuing,44
vande,778
variant,98
varies,263
variety,229
various,5675
vary,422
vast,667
vastly,191
ved,3
veena,75
vegetable,344
vegetation,190
vehicle,3234
vein,192
vendor,814
vennala,190
ventilated,188
ventilation,312
venture,3608
ventured,213
verdant,75
verdict,420
verge,223
verification,330
verified,581
verify,854
verifying,321
versova,780
versus,376
vertical,283
vessel,1110
viable,421
vialto,191
vibgyor,108
vibrancy,10
vibrant,2043
vice,1322
vicinity,126
victor,47
video,1085
viet,760
vietjet,840
vietnam,627
vietnamese,229
view,4521
viewed,432
viewing,2812
viewpoint,80
vigorously,199
vij,198
vijayakumar,200
vikas,305
viksit,680
viktor,14
vil,970
viliso,4
village,206
vinayak,9
vinod,264
violating,240
violation,834
vip,389
virk,1
virtual,1073
visa,387
vishal,198
vishwas,172
visible,200
vision,5238
visionary,592
visit,1594
visited,243
visiting,243
visitor,503
vistara,611
vistesen,2
vital,316
vivek,421
vizhinjam,303
vizianagaram,190
vk,23
vodafone,2611
vodka,194
voice,2415
voiced,223
volatile,233
volatility,996
volume,1113
voluntary,335
vote,688
voucher,205
vowed,50
vp,437
vranjes,190
vulnerability,313
vulnerable,275
waded,184
wage,616
wait,325
waiting,2345
waive,87
waiver,121
waiving,190
wakad,47
wake,657
walked,223
walking,552
wall,1065
wallet,281
walmart,509
walsh,191
want,2867
wanted,888
wanting,214
war,788
wardrobe,201
warehouse,259
warehousing,201
warmth,200
warned,409
warning,754
wary,406
wash,135
washington,595
washroom,190
waste,341
wastewater,195
watched,200
watcher,240
watching,70
water,2631
waterfall,120
watering,12
wave,1303
way,5305
weak,557
weakening,124
weakest,614
wealth,909
wealthiest,216
wealthy,58
weaponize,1
wear,212
wearing,209
weather,160
weathered,159
weathering,193
web,449
web3,769
website,1601
wednesday,3015
week,5096
weekend,415
weekly,541
weigh,88
weighed,520
weight,142
welcome,935
welcomed,478
welcoming,204
welfare,552
wellness,625
wellxpay,3420
went,793
west,2302
wheat,1184
whichever,240
whilst,48
whisper,158
white,365
wholesale,1092
wide,2007
widely,819
widen,298
widening,261
widens,195
wider,717
widest,202
wiggins,380
wilkins,156
willer,191
willful,190
willie,191
willing,326
win,255
wind,366
window,489
wing,373
winner,119
winning,2066
winter,605
wiping,32
wisdom,38
wish,322
wished,210
withdraw,261
withdrawal,1257
withdrawing,261
withdrawn,445
withholding,381
witness,1327
witnessed,1857
witnessing,819
wo,265
woe,223
woman,3873
wonder,238
wonderful,108
wood,431
wooed,3
word,1224
wore,194
work,5814
worked,1299
worker,1282
workforce,1241
working,4736
workplace,1561
workspace,215
world,14226
worldbank,380
worldwide,343
worried,337
worry,234
worrying,201
worst,440
worth,3294
wpi,422
wrca,189
written,469
wrong,529
wrote,642
wu,207
wyckoff,1
xbe,190
xv,227
yard,83
yasutoshi,190
yatra,6
year,42634
yearned,156
yellen,17
yemen,1
yen,635
yes,804
yesterday,57
yew,80
yield,1435
yoga,692
yojana,1384
yojna,85
york,1988
young,3902
younger,483
youth,1429
youthful,189
yoy,369
yuan,359
yukt,190
yvonne,190
zara,196
zeeshan,190
zeeve,190
zeitung,3
zero,1260
zestmoney,634
zhang,386
zhao,2301
zonal,26
zone,1375
zurich,34
