Word,Frequency
000,3
10,5295
100,1284
101,90
102,355
103,81
104,47
109,81
10keyless,1
10th,129
11,1670
111,58
112,54
115,57
118,68
119,30
11th,92
12,2573
120,177
122,27
124,35
126,30
127,22
128,38
129,42
12th,130
13,2607
133,19
134,26
134th,1
137,32
139,13
13th,89
14,1631
140,123
142,42
143,31
144,65
145,35
146,39
1461,3
14th,82
15,2340
150,315
151,42
152,20
155,31
156,18
158,23
15th,74
16,1818
160,82
161,23
163,45
164,47
165,25
166,26
16th,550
17,1570
170,61
174,34
175,74
176,30
177,23
178,15
17th,288
18,1714
185,25
186,9
187,27
189,19
18th,707
19,3434
190,53
191,28
193,15
194,27
195,19
196,27
1994,125
1999,209
19th,75
1st,149
20,3337
200,647
2000,195
2014,1686
2015,360
2016,443
2018,574
2019,3937
2020,580
2021,904
2022,1482
2023,1899
2024,5720
2025,204
2036,34
204,18
2047,122
205,19
208,31
209,18
20th,38
21,1509
211,15
215,19
216,18
217,46
21st,116
22,1406
222,12
226,21
229,13
22nd,47
23,1298
232,39
23rd,50
24,1598
246,6
24th,52
25,2925
250,147
255,9
25th,60
26,2854
261,19
264,13
26th,54
27,988
27th,40
28,1374
284,14
28th,45
29,881
29th,41
2nd,155
30,1957
300,322
30th,47
31,836
315,27
319,10
31st,31
32,610
33,407
330,24
331,7
34,317
35,535
36,350
37,383
370,544
38,282
39,473
399,6
3d,31
3rd,637
3w,4
40,1362
400,628
41,252
42,699
43,288
44,274
45,678
46,554
47,311
477,5
48,943
49,512
4g,23
4th,170
50,1626
500,497
5000,26
51,262
52,257
53,197
54,207
543,918
55,332
56,178
57,890
58,206
59,165
5th,444
5w,4
60,739
600,149
61,170
616,1
62,192
63,139
63rd,2
64,152
65,334
66,175
66th,3
67,244
68,175
69,127
6th,94
70,644
700,134
72,322
73,89
74,172
75,544
76,142
77,132
78,111
787,7
79,88
7th,105
80,669
800,86
8000,3
81,259
8140,1
82,75
83,126
84,76
85,141
87,57
89,373
8th,70
90,951
9000,3
91,55
94,401
950,13
96,387
970,12
98,74
99,164
9th,65
aadmi,646
aam,642
aap,3142
aaye,6
aayush,4
ab,131
abbas,73
abdominal,42
abdul,329
abg,1
abhijit,297
abhishek,862
ability,394
abishek,6
ablaze,58
able,1049
abound,8
abrogated,22
abrogation,235
absence,569
absorbs,2
absorption,15
abuse,646
accelerating,36
acceptable,121
access,926
accessibility,81
accessible,151
accident,2002
accidental,148
accolade,17
accompanying,84
accomplish,13
according,2955
accordingly,207
account,1946
accumulating,7
accuracy,40
accurate,65
accused,8011
acetate,2
achampet,5
achieve,296
achieved,428
achievement,332
achieving,160
acid,142
acidity,5
acknowledged,306
acne,3
acquired,215
acquisition,286
act,4191
acted,231
acting,427
action,4350
activated,36
active,652
actively,352
activity,1829
actor,1373
actress,197
actressshraddha,2
acute,97
adajania,2
adam,31
adapt,48
add,455
added,3933
adding,2002
addition,546
additional,1705
additionally,485
address,2010
addressed,639
addressing,1244
adequate,348
adhere,120
adhir,281
adidas,32
aditya,210
adjustable,20
administration,1579
administrator,117
admiration,40
admirer,25
admitted,980
adopt,128
adoption,116
adopts,6
adorable,9
adorned,53
adrienne,3
advanced,550
advancement,151
advani,90
advantage,334
adventure,43
adversely,56
advised,578
advising,57
advisory,393
aesthetic,37
affair,1847
affect,341
affected,1175
affecting,285
affection,206
affiliate,41
affirming,28
afford,95
affordable,175
afghanistan,129
african,123
afspa,12
afternoon,633
agatha,11
age,990
ageing,46
agency,4455
aggressive,159
agm,13
ahead,1411
ahmad,310
ahmed,335
ahmedabad,703
ai,856
aiden,4
aim,1195
aimed,649
aiming,446
air,2404
airborne,17
aircraft,828
airfare,14
airflow,5
airless,1
airline,658
airliner,4
airport,2561
airspace,75
aish,1
aitc,1084
aizawl,19
aj,31
ajay,499
ajinkya,6
ajit,877
akash,144
akshay,182
al,59
alarming,113
alaya,2
album,85
alcohol,385
alert,974
alerting,26
algur,173
ali,673
alia,50
alignment,95
alike,69
alipurduar,186
allahbadia,2
allegation,2578
alleged,5557
allegedly,3294
allergic,15
allergy,31
alliance,3843
allocate,58
allocation,654
allow,712
allowing,661
allows,213
ally,1227
aloe,13
alongside,260
alternate,74
alternative,405
amaravati,205
amassed,72
amazing,54
amazon,100
ambassador,187
ambedka,1
ambedkar,368
ambedkarism,2
ambit,57
ameesha,1
amended,100
amendment,599
amenity,148
american,299
amid,1177
amidst,378
amit,1802
ampareen,5
ample,89
amrita,245
anaemia,28
anaita,2
analysed,83
analysing,59
analysis,510
analyst,167
analyze,24
analyzed,13
anand,504
anandaswamy,173
anchor,31
andaman,156
andhra,3283
andre,20
anganwadi,35
angkrish,6
ani,292
anjali,228
anjan,8
ankita,26
anmol,94
anna,444
annadata,3
anniversary,254
announce,193
announced,3135
announcement,1124
annual,637
anrich,7
answer,735
answering,26
antagonist,6
anti,24
antic,7
anticipate,37
anticipated,181
anticipation,80
antioxidant,13
anukul,5
anusandhan,10
anybody,102
apartment,390
apcc,1
apne,29
apoorvamehta18,1
app,543
apparent,151
appartment,1
appeal,890
appealed,448
appearance,141
appeared,671
appears,378
application,1282
apply,355
appointed,1043
appreciated,144
appreciating,31
approach,899
approaching,120
approval,666
approve,55
approved,644
approx,26
approximate,16
approximately,631
apr,333
april,6510
apsara,7
aquarius,7
arambag,178
arbaaz,17
architect,68
area,6222
argued,551
aries,19
arm,537
armed,761
army,1584
arora,138
arpita,19
arpu,1
arrangement,532
array,38
arrest,2337
arrested,4859
arrival,405
arrogance,76
arshad,48
arshdeep,10
artefact,28
article,3907
artificial,251
artist,196
arulmani,10
arun,314
arunachal,1873
arvind,1463
aryan,68
asansol,390
ascend,5
ascertain,200
ashok,502
ashutosh,117
ashwin,35
asia,315
asics,7
aside,163
ask,638
asked,3723
asking,718
aspect,398
aspiration,340
assam,2746
assault,1148
assembly,7909
asserted,977
asserting,226
asserts,29
assessment,358
asset,720
assigned,277
assistance,740
assisted,107
associated,495
association,1553
assured,689
astounding,12
astro,4
astrologer,12
atal,214
ate,32
atishi,654
atop,76
attack,3178
attacked,764
attacking,243
attempt,1464
attempted,501
attended,823
attending,284
attention,938
attire,100
attract,197
attracted,95
attracting,98
attributed,330
audience,189
audiologist,1
auditor,41
august,1578
austerity,5
australia,246
australian,84
authority,3708
auto,331
automobile,50
auxiliary,14
avail,89
availability,196
available,1110
avenue,178
average,864
aversion,3
avesh,9
avg,8
aviv,9
avoid,733
avoiding,122
awaited,187
awaits,38
award,550
awarded,735
aware,469
awareness,401
awas,355
away,2504
axar,9
ayatollah,3
ayodhya,660
ayush,119
ayushman,110
azmatullah,5
b3,2
baat,210
babasaheb,71
babu,325
baby,381
bacca,7
bachao,99
bachchan,78
backend,2
backlight,2
backlighting,5
backlit,16
backward,616
backyard,31
bad,351
bade,9
badge,37
badoni,6
bagalkot,194
baghel,112
bahar,22
baharampur,712
bail,2575
bairstow,5
bala,212
balaji,218
balance,348
balanced,79
balcony,126
ball,148
ballistic,115
balm,2
balurghat,196
bamboo,56
bandra,325
bandyopadhyay,259
banerjee,2888
bangalore,977
bangladesh,1699
bank,2161
bankura,218
banner,416
banter,7
barasat,206
bardhaman,364
bareilly,139
barrackpur,174
barrage,120
barrier,294
barsapara,16
basavaraj,221
basavraj,179
base,555
baseless,233
basic,387
basirhat,274
bask,1
bastar,131
bastion,291
bat,77
bathing,31
batla,8
batsman,21
batter,43
battery,281
batting,51
battle,1064
battlefield,63
baweja,38
bbf,4
bdr,2
beach,249
bear,242
beautiful,86
beauty,143
bed,328
bedecked,1
beefed,12
began,1236
beginning,320
begun,198
behavior,103
behaviour,255
belgaum,377
belief,585
believe,974
believed,546
believing,68
bellary,190
belong,198
belonging,429
belt,207
bench,2823
benchmark,123
beneath,85
beneficiary,443
benefit,1399
bengal,6525
bengaluru,3602
benign,11
benjamin,24
berlin,29
best,1341
beti,71
betrayal,67
better,1159
bf,2
bhaduri,9
bhagnani,5
bhaji,1
bhansali,10
bharat,2349
bharatiya,1584
bhatia,101
bhatt,117
bhattacharya,309
bhim,34
bhimrao,23
bhool,6
bhulaiyaa,2
bhumi,15
bhupesh,56
bhuvneshwar,2
bhuyan,64
bid,442
bidar,230
biden,254
big,1711
bigger,252
biggest,566
biggies,4
bihar,4323
bihari,207
bijapur,234
bijli,25
bike,587
bilateral,674
billion,496
bima,12
bin,55
bindra,69
bioavailable,1
biodegradable,4
birbhum,199
bird,171
birla,337
birth,341
birthday,301
bishnoi,558
bishnupur,209
bit,208
bjp,27992
black,437
blade,38
blaming,124
blast,473
bleeding,198
blend,64
blessed,67
blessing,514
blistering,36
bloc,2690
blood,1357
bloodshed,20
bloom,307
bloomed,15
blossom,13
blue,287
bluetooth,71
bo,8
board,2263
boast,211
boasting,46
body,4230
boeing,123
bollywood,198
bolpur,195
bolster,89
bolstered,39
bolstering,174
bomb,839
bommai,229
bond,433
bonding,11
bongaon,201
book,709
booked,924
boost,459
boot,30
booth,1236
border,1393
bordering,70
borne,59
bos,93
botox,3
bottle,225
boult,6
boundary,163
bowler,55
bowling,37
box,229
boyband,1
br,1074
brabourne,2
brace,46
brahmastra,2
branch,876
brand,528
brar,100
bravery,50
breaking,174
breakthrough,113
breast,60
breath,71
breathability,7
breathable,3
bribe,210
bribery,57
brilliant,25
bring,1425
bringing,517
brings,104
britain,21
british,359
broadcaster,54
broader,188
brother,2002
brought,1643
brown,32
brunt,54
bucci,7
buddhism,31
budget,1062
budidgattu,1
build,1010
builder,201
building,2446
built,973
bullet,428
bump,12
bumrah,21
bureau,463
burger,41
burning,225
bursting,18
bus,1864
business,1635
busy,269
buttler,15
button,100
buying,183
byte,9
caa,324
cabinet,2385
cable,104
cafe,133
calculated,46
called,2774
calling,846
calm,126
calming,3
cambodia,109
cambodian,19
came,4475
camera,606
cameron,13
camp,807
campaign,2644
campaigner,204
campaigning,928
cancer,342
candid,34
candidate,10441
canvas,23
canvassing,48
cap,191
capability,507
capacity,753
capf,25
capital,1142
capitalize,20
capitalizing,5
capricorn,15
captain,314
captaincy,8
caption,34
captioned,10
captivating,27
capture,201
capturing,143
car,2407
card,1152
cardiac,149
care,1298
career,555
careful,113
carefully,116
carried,962
carrier,111
carrying,779
case,13361
cashback,11
cast,867
caste,1676
castigated,17
casting,306
casual,71
casualty,283
catch,175
catching,48
catering,71
caught,642
cause,1495
caused,1157
causesfor,1
causing,1000
cautious,82
cbi,2870
cctv,1204
cec,439
celebrated,272
celebrating,170
celebration,470
celebrity,125
celebs,12
cell,534
celluloid,6
cent,860
central,4551
centre,5164
century,319
ceo,601
ceramides,1
cerave,2
ceremony,1053
certain,917
cervical,35
cgm,7
chahal,59
chahar,11
chaircar,2
chaired,194
chairman,1012
chakaravarthy,7
challenge,1969
challenged,462
challenger,83
challenging,729
chamarajnagar,175
chamber,229
champion,160
championship,106
chance,626
chandigarh,623
chandni,184
chandra,345
chandrababu,570
chandrachud,457
change,2255
changed,771
changer,18
changing,265
channel,734
chanting,52
chaos,378
character,225
charan,407
charge,3346
charged,512
charm,29
chart,82
chasing,54
cheap,65
check,1021
checked,284
cheek,18
cheekbone,2
cheered,24
chemical,311
chenchu,2
chennai,2300
chepauk,18
cherished,35
cherry,11
chhattisgarh,1942
chhillar,2
chidambaram,217
chidorigafuchi,1
chief,11739
chikkballapur,175
chikkodi,223
chikmagalur,178
child,3803
china,1273
chinaswammy,1
chinese,488
chinnaswamy,25
chipped,13
chitradurga,345
choice,1080
choose,261
choosing,105
chopra,124
chose,294
chosen,256
chota,3
chote,15
chowdhury,401
chowk,428
chris,5
christian,152
cinema,199
cinematic,16
circled,3
circling,7
circulating,193
circumstance,402
cited,555
citing,790
citizen,1813
citizenship,452
city,5395
civic,820
civil,1450
civilian,276
civilization,23
clad,25
claim,2693
claimed,3623
claiming,856
clash,360
clashed,60
class,2160
clean,629
cleanliness,65
cleanse,17
cleansing,10
cleanup,10
clear,1772
clearer,12
clearing,149
clearly,555
client,188
climate,482
climbing,40
clinched,374
clinching,45
clinically,13
clip,422
clock,128
close,1763
closely,393
closer,176
closest,110
closing,83
closure,273
clothing,91
clue,116
cluster,92
cm,7339
cmp,4
cnn,15
coalition,767
coating,16
code,1800
coetzee,6
coincide,33
coincidence,61
coincidental,2
coincides,25
cold,184
collaboration,391
collaborative,64
collagen,4
colleague,1121
collect,312
collection,346
collector,669
color,18
coloration,2
colour,172
combating,52
combined,219
come,5513
comeback,154
comedy,34
comet,3
comfort,293
comfortable,204
comfortably,59
coming,1308
commander,188
commemorating,7
commenced,165
commendation,6
commended,68
comment,1242
commentary,21
commented,135
commercial,529
commission,3904
commissioner,2414
commitment,1392
committed,1393
committee,3441
common,869
communication,617
community,4157
compact,28
company,2958
compared,1029
comparison,148
compatriot,5
competition,268
competitive,204
complaint,3988
complemented,20
complete,976
completely,514
completion,397
complicating,26
composition,266
compost,7
compounded,47
comprehension,2
comprise,66
comprises,188
comprising,519
compromising,47
comptroller,16
compulsory,110
concealed,104
conceding,7
concentration,61
concern,2336
concerned,729
concerning,328
concert,60
conclude,298
conclusion,235
condemn,111
condemnation,36
condemned,366
condemning,85
condition,2221
condolence,262
conducive,49
conduct,2187
conducted,1988
conducting,542
conference,1315
confidence,953
confident,497
confirm,186
confirmed,1313
conflagration,10
conflict,917
confrontation,142
confusion,181
congratulation,215
congress,20139
connect,239
connected,316
connection,1476
connectivity,458
connects,146
conquering,5
conscious,69
consecutive,509
consequence,304
consequently,95
conservative,55
consider,466
considerably,33
considered,922
considering,551
consist,26
consistency,35
consistently,208
consisting,88
consolidate,88
conspiracy,948
constant,175
constituency,6873
constitutes,40
constitution,1897
constitutional,528
construct,180
constructed,314
construction,1413
consulate,86
consumer,495
consuming,157
contact,655
contacted,315
contain,115
contains,93
contemplated,17
contender,462
content,478
contest,1692
contesting,2035
contingency,21
continue,1849
continued,1009
continues,578
continuity,66
continuous,202
continuously,152
contract,538
contribute,227
contributed,213
contribution,534
control,1729
controversy,996
convenience,102
convenient,67
conversation,381
converted,125
convict,258
coochbehar,188
cook,105
cookie,1
cool,107
cooperate,163
cooperation,865
cooperative,366
coordinated,112
cop,1867
copy,342
cord,30
core,325
corner,362
cornerstone,39
corporation,1353
correlation,15
corruption,1416
cosmic,18
cosmos,15
cost,1316
council,1220
counsel,619
counter,376
countered,105
counterpart,320
counting,1274
country,8136
couple,1424
coupled,107
courage,205
courageous,16
course,1131
court,13015
cover,905
coverage,154
covert,36
coveted,47
cowardly,39
cozy,12
cpi,582
crafted,34
crafting,21
craftsmanship,9
craving,3
create,1040
created,753
creating,574
creche,10
credit,415
credited,100
crept,32
crew,480
cricbuzz,7
cricket,591
cricketer,101
cricketing,14
crime,3458
criminal,2082
critic,129
critical,912
criticised,507
criticized,429
crooning,3
crop,511
crore,6081
crowd,663
crucial,1192
cruise,44
crumb,1
crunching,2
csk,177
cuddling,3
culminated,29
culprit,229
cultural,452
culture,628
cummins,22
cup,286
curious,63
curran,9
current,1229
currently,1465
curve,17
cushioning,8
custody,1810
customer,465
customizable,5
customization,4
cut,585
cycle,199
cylinder,207
cyst,4
daesh,1
daily,894
dakshin,366
dakshina,199
dalit,539
dalits,414
damage,742
damaged,416
damascus,3
damepl,1
damp,6
dance,152
danced,8
dancer,49
danger,301
dangerous,247
daniel,20
darjeeling,253
dark,200
darshan,1207
daryl,3
dash,57
data,1900
date,2338
dated,200
datke,7
daughter,2174
daunting,16
davanagere,211
david,96
dawood,108
day,11043
dayal,51
dazzle,3
dc,302
dcp,450
dead,1348
deal,828
dearly,1
death,3719
debut,189
decelerated,2
december,394
decent,59
decide,629
decided,1934
deciding,153
decimate,5
decision,3281
declaration,389
declared,2204
decline,307
dedicated,422
dedication,220
deed,109
deep,738
deepak,301
deeply,291
deepshikha,1
defeat,781
defeated,565
defeating,279
defence,1597
defended,188
defending,90
defense,168
define,24
definitely,154
degeneration,4
deity,143
delay,1125
delayed,458
delaying,69
deleted,75
delf,12
delhi,21673
deliberate,165
delicate,36
delightful,8
delineated,5
deliver,362
delivered,331
delivering,158
delivery,513
demand,3053
demanding,964
demise,172
democracy,937
democratic,1034
demonstrate,76
demonstrated,121
demonstration,198
denied,885
denim,15
deo,278
deol,11
deos,10
departing,37
department,4344
deployed,763
deploying,82
deposited,87
depth,110
deputy,2229
derivative,10
dermatologically,1
dermatologist,3
desai,153
deserve,72
deshmukh,310
deshpande,63
design,452
designed,324
desire,220
desk,53
desperately,87
despite,3003
destabilising,10
detachable,5
determination,147
determine,349
determined,498
determining,411
devarakonda,3
devdutt,12
develop,438
developed,1173
developing,503
development,5804
devendra,408
devgn,12
device,482
devoid,26
devyani,10
dgm,3
dhan,25
dhankhar,170
dharamsala,19
dharwad,403
dhawan,42
diagnosed,53
dialogue,367
diamond,502
diaper,3
didis,19
die,219
died,2118
difference,535
different,2358
differential,28
difficulty,295
dig,325
digha,11
digital,643
dignity,241
dikhhla,2
dimri,2
dinesh,234
dinner,209
diplomacy,88
diplomat,299
diplomatic,387
dipped,53
direct,775
directed,1558
directing,148
directive,500
directly,662
director,1645
directorate,585
directorial,9
disappointed,67
disappointing,46
discerning,5
discharged,172
disclaimer,42
disclosed,208
discomfort,108
discount,79
discourage,31
discovered,617
discovering,48
discovery,190
discrepancy,135
discus,518
discussed,593
discussion,910
disdain,7
disha,14
dismissal,75
dismissed,585
dismissing,109
disorder,107
dispensing,6
display,345
displayed,189
dispute,661
disrupted,164
disrupting,98
distance,463
distinct,241
distinctive,39
distinguished,85
distinguishes,3
distraction,23
distressed,73
distributed,287
district,8020
disturbed,86
dive,16
diver,30
diverse,275
diverted,265
division,1000
divorce,221
dk,286
dm,143
dmk,583
dmrc,59
doctor,4590
document,1145
dog,775
dolas,1
dollop,5
domestic,577
domestically,12
dominance,112
dominating,21
donate,62
donated,149
donor,190
doorstep,41
dose,81
doubled,87
downed,12
downgrading,5
downing,13
downplay,11
dr,1763
drama,200
drape,1
draw,289
drawing,248
drdo,138
dream,386
dreamliner,5
dressed,137
dressing,28
drew,253
drinking,352
drive,1084
driver,1885
driving,974
drone,521
dropped,355
droupadi,223
drying,49
du,99
dual,84
dubbed,83
dube,7
duet,3
dull,20
dum,424
duo,435
duplication,14
durability,26
durable,24
durbar,4
durgapur,201
dwarka,165
dy,292
dye,23
dying,68
dynamic,257
dysphonia,2
eager,64
eagerly,70
ear,252
earlier,3056
early,1853
earn,112
earned,227
earning,131
earth,279
earthen,11
earthquake,51
easier,98
easily,215
east,1583
eastern,711
easy,369
eat,150
eating,105
ec,1307
echoed,138
echoing,188
eci,309
economic,1097
economical,11
ecosystem,289
ed,1767
edema,1
eden,93
editor,50
education,2802
educational,832
effective,455
effectively,417
effectiveness,64
efficacy,28
efficiency,219
effort,2585
egalitarian,5
ego,137
eid,49
ekana,72
eknath,682
el,61
elder,307
elderly,366
elect,440
election,21955
elector,182
electoral,1457
electricity,634
electrifying,8
electronics,212
elegant,18
elegantly,3
elephant,173
elevate,44
elevated,192
elevating,24
eligible,450
eliminate,289
eliminated,60
elimination,45
eliminator,16
elite,85
embark,31
embarked,64
embassy,357
embodying,14
emerged,1176
emergency,1308
emerges,30
emerging,249
emeritus,74
eminent,53
emotional,278
emotionally,32
emphasised,493
emphasized,673
emphasizing,448
employed,265
employment,637
empower,104
empowered,84
empowering,81
empowerment,187
empowers,37
emraan,6
emulate,11
emulsion,1
enacted,99
encapsulated,3
encased,3
enchant,2
encounter,537
encountered,76
encountering,15
encourage,197
encourages,34
encouraging,154
end,1773
endeavour,112
ending,213
endless,27
endorsed,102
enduring,70
energetic,19
energy,772
enforcement,713
enforcer,5
engaged,525
engagement,408
engages,24
engaging,234
engine,352
engineering,771
english,269
enhance,611
enhanced,368
enhances,32
enhancing,223
enjoy,127
enjoyable,9
enjoyed,88
enjoying,65
enjoys,100
enliven,1
enormous,46
enquiry,130
enriched,16
ensure,3096
ensured,319
ensures,271
ensuring,1040
ent,21
enter,426
enterprise,171
entertainment,129
enthusiasm,153
enthusiast,60
enthusiastic,49
entire,1952
entity,345
entrepreneur,124
entrepreneurial,19
envelope,16
environment,875
environmentally,20
envisioned,26
envoy,51
epidermal,2
equal,261
equality,199
equalizer,5
equation,87
equipped,186
equipper,2
equity,174
er,24
era,400
eradicated,28
eros,2
error,223
escalate,41
escalating,98
escalation,71
especially,1200
esplanade,47
essence,193
essential,495
establish,588
established,722
establishing,157
establishment,468
estimate,212
estimated,390
et,24
etch,1
etched,13
ethnic,286
ethylene,13
europe,162
eva,7
evacuate,64
evade,93
evaluation,112
evanston,1
evening,1468
event,2357
eventuality,23
everybody,393
evidence,1886
evident,343
evil,63
evms,380
evolving,115
exact,247
exactly,110
exam,2286
examination,1376
examined,245
examining,152
example,594
exceed,66
excellence,111
exceptional,100
exceptionally,24
excercise,1
excess,203
exchange,543
excise,666
excision,2
excitement,94
exciting,61
exclusive,151
executive,654
exemplary,59
exemplified,11
exercise,800
exercising,70
exhilarating,12
exist,237
existence,136
existing,554
expand,269
expect,321
expectation,247
expected,2538
expects,104
expedite,103
expense,230
experience,1243
experienced,506
experiencing,134
expert,1395
expertise,175
expertly,2
explained,459
explains,77
explore,317
explosion,172
explosive,216
exposed,292
exposure,164
express,1094
expressed,1902
expressing,364
expressway,370
extend,326
extended,981
extending,171
extension,398
extensive,429
extent,283
external,619
extra,262
extreme,467
eye,781
eyeball,8
eyeing,118
fabric,70
face,3015
facebook,176
facebooktwitterpintrest,2
faced,1410
facilitate,321
facilitating,108
facility,1607
facing,909
fact,1378
faction,299
factor,868
faf,6
fail,167
failed,1201
fainting,19
fair,509
fake,1125
fall,749
falling,364
false,856
falsified,11
fame,81
familial,23
familiar,90
family,7959
famous,203
fan,561
fantastic,17
fantasy,32
far,1594
farmer,2233
fasal,5
fashion,169
fast,340
faster,140
fastest,49
fatehi,10
father,2866
fatigued,3
favor,70
favorable,22
favorite,16
favour,618
favourable,111
favouring,42
favourite,89
fcu,45
fear,781
fearless,19
feat,89
feature,662
featured,138
featuring,203
february,349
fee,761
feedback,205
feel,778
feeling,339
fell,1008
fellow,230
felt,492
female,720
festival,474
festivity,97
fibre,35
field,934
fielded,658
fifth,837
fight,1591
fighting,407
figure,1124
figuring,10
file,1385
filed,3542
filing,563
filled,375
film,1170
filmfare,3
filming,50
final,1972
finale,26
finally,566
finance,917
financer,1
financial,1910
financier,14
finding,784
findthe,1
fine,559
fir,2226
fired,374
firefly,4
firework,32
firing,417
firm,1131
fiscal,244
fish,267
fishnet,1
fit,212
fix,173
fixed,365
fixture,20
flagship,98
flair,5
flat,612
flatter,2
flattish,1
fled,548
flex,32
flexibility,60
flight,2047
flocking,7
flood,597
floor,926
floral,25
fluidglow,5
flying,247
focal,55
focus,1179
focused,418
focusing,360
focussed,29
fold,75
follow,573
followed,1609
following,5972
food,2145
foot,685
footage,1045
footfall,138
force,3394
forced,801
forcing,230
forecasted,34
forecasting,64
foreign,1484
forensic,707
forest,1577
forgetting,23
forging,38
form,1625
formation,476
formed,1385
formidable,258
formula,139
formulated,47
formulation,50
forthcoming,437
fortune,101
forward,1253
fought,308
founding,64
fourth,827
fpo,11
fragment,36
fragrance,25
framework,240
france,135
franchise,110
frankfurt,51
fraud,483
fray,296
free,1540
frequently,245
fresh,777
friday,3864
friend,1985
friendly,138
frivolous,40
fry,17
fuel,364
fugitive,46
fulfil,184
fulfilled,135
fulfilling,231
fulfillment,16
fully,622
fun,63
function,707
functionality,25
functioning,332
fund,1826
fundamental,319
funding,300
funeral,91
furniture,51
furthermore,84
future,1754
g20,92
gaddadevara,173
gadkari,582
gag,29
gaikwad,122
gain,656
gained,313
gaining,93
gak,1
galaxy,53
gambhir,86
game,641
gameplay,2
gamer,4
gamers,27
gaming,298
gandhi,5535
gang,939
gangopadhyay,216
gap,416
garden,344
gargle,1
garib,20
garner,67
garnered,163
gas,547
gate,657
gated,21
gateway,224
gathering,711
gaurav,226
gave,1358
gayi,14
gayle,4
gaza,158
gear,167
gearing,342
geesgandi,1
gehlot,217
gel,1
gemini,34
gender,262
general,4357
generallast,1
generated,193
gentle,30
gently,21
geopolitical,74
gerald,10
german,97
getaway,18
getting,1534
ghar,90
ghars,3
ghatal,217
ghaziabad,210
ghosh,893
giant,196
gilchrist,5
gill,47
gilon,3
girl,2655
girlfriend,236
given,3623
giving,940
gl,4
glass,211
glenn,8
glimpse,87
glitzy,4
global,1586
glow,12
gm,59
god,984
godzilla,1
going,2600
gold,932
good,2450
gorilla,1
got,2974
gothan,3
governed,108
governing,226
government,12099
governor,1720
govt,12883
gowarikar,2
grabbed,78
graced,16
graceful,7
gracefully,15
gradual,41
grain,100
gram,314
granactive,1
grand,460
grant,647
granted,1242
grappling,97
gratitude,187
gravity,98
great,752
green,641
greeting,83
greets,7
grew,178
grey,57
grievance,308
grim,33
ground,1773
groundbreaking,28
group,3491
grow,229
growing,636
growth,1036
gsqr,1
gt,190
guarantee,723
guaranteeing,13
guard,763
guidance,174
guided,110
guideline,598
guiding,43
gujarat,2771
gujarathi,1
gulaal,1
gulbarga,237
gunman,44
gunshot,112
gush,6
guwahati,440
gyan,13
gyming,7
haan,10
habit,277
habitat,126
habitation,29
haemorrhage,18
haesoo,1
hagari,1
hai,637
hailed,131
halba,2
half,565
hall,559
hamas,64
hand,2341
handle,563
handling,298
handset,15
handsome,15
handy,19
happen,480
happened,1029
happening,313
happens,212
happy,556
haq,17
harbour,507
hard,886
hardcore,29
harder,34
hardik,34
harm,205
harmonising,1
harpreet,31
harsh,225
harshal,34
harshit,25
haryana,5489
hashmi,8
hassan,628
haul,41
haveri,396
head,2060
headed,540
heading,329
headline,92
headquarters,508
healing,27
health,3262
healthcare,622
healthy,270
hear,375
hearing,1441
heart,843
heartbreaking,34
heartwarming,22
heaved,14
heavily,210
heavy,1928
hebbalkar,231
heel,82
height,306
heightened,115
heinrich,7
held,5521
helmed,25
help,2367
helped,646
helping,235
helpline,263
hemant,493
heralding,2
heritage,692
hero,162
hesitate,45
hetmyer,3
hezbollah,68
high,5114
higher,1513
highest,1366
highlight,490
highlighted,1229
highlighter,2
highlighting,690
hilariously,5
hill,494
himachal,1936
himalaya,43
himanshu,70
hindi,327
hindu,1474
hinting,175
hired,212
history,1146
hit,1498
hitnal,173
hitter,1
hitting,461
hive,6
hmar,11
hoarse,2
hoarseness,1
hold,1906
holder,328
holding,815
hole,68
holi,41
holiday,317
hollow,30
holy,109
homage,66
home,5327
honor,75
honored,27
honoured,85
hooda,704
hooghly,264
hope,1091
hopefully,37
hoping,257
horn,41
horoscope,24
horror,108
horse,110
hospital,7632
host,302
hosted,204
hostel,519
hostility,43
hosting,103
hot,254
hotel,948
hotmelt,2
hour,3424
house,5143
household,408
housewife,18
housing,461
houthis,18
howrah,316
http,56
hub,685
huge,1074
huh,1
humor,7
humorously,13
hundrends,1
hungry,34
hunting,61
hurdle,106
hurled,106
hurried,12
hurry,72
hussain,256
hut,54
hyaluronic,3
hyderabad,2528
hydrate,3
hydrated,29
hydrological,5
hygiene,92
hyper,3
hyperpigmentation,1
hypoallergenic,6
ibrahim,80
icc,62
iconic,148
id,267
idea,698
ideal,149
identify,552
identity,785
ideological,97
idf,15
idhar,145
igniting,17
ignored,201
illavarsu,1
illegal,1443
illuminates,4
image,1159
imagery,17
imagined,49
imei,2
immediate,820
immediately,1043
immense,448
immersed,34
immersion,79
immersive,15
immunity,96
impact,1348
impactful,27
impartial,73
imparts,1
impatient,2
impeccable,15
impending,68
imperative,77
imperial,17
implement,464
implementation,629
implemented,492
implementing,254
importance,1089
important,1228
imposing,124
impressed,46
impressive,205
improve,818
improved,475
improvement,373
inability,119
inaccessible,44
inch,113
incidence,57
incident,5823
include,2471
included,985
includes,851
including,8834
inclusion,369
inclusive,332
income,722
incoming,59
inconsistent,19
incorporate,35
increase,1531
increased,1139
incredibly,20
indelible,27
india,22602
indian,8110
indicates,184
indicating,336
indication,167
indigenous,272
indigo,291
indirect,313
individual,2320
induction,75
indulgence,14
industrial,667
industry,1601
infamous,52
inflame,3
inflaming,3
inflation,281
influencing,67
influential,216
information,2046
informed,1808
infotech,1
infra,43
infrastructure,1186
infuse,15
infused,30
infusion,15
ingrained,7
ingredient,111
inheritance,152
inhumane,27
initial,675
initiate,255
initiative,1156
inject,10
injection,53
injured,1859
injury,1966
inked,95
inn,4
inner,168
inning,76
innovation,315
innovative,165
input,1686
inquiry,1048
insecurity,71
inserted,31
inside,1572
insider,105
insight,156
insisting,74
insole,1
inspire,84
instagram,393
installation,235
installing,74
instance,690
instead,1061
instigated,52
institution,1041
instructed,522
instructing,38
instruction,582
instrument,146
instrumental,117
insurance,441
insurmountable,7
intake,97
integrated,199
integrating,53
intense,578
intensifies,38
intensify,104
intent,323
interaction,315
intercept,33
intercepted,155
interceptor,40
interested,133
interestingly,132
interim,807
international,2124
internet,170
intervention,405
interview,589
intimate,41
introduce,187
introduced,584
intruding,2
intrusion,35
intuitive,8
invested,212
investigation,4251
investigator,325
investment,1017
investor,449
invited,407
invoice,24
invoked,177
involve,113
involved,2223
involving,855
ipc,715
ipl,249
iran,324
iranian,65
iraq,29
irony,36
irregularity,623
irrespective,169
irrigation,346
irritate,4
irritating,2
irritation,28
ishan,14
ishant,9
isi,73
islamabad,117
islamic,122
island,330
israel,378
israeli,147
issue,7044
issued,3241
issuing,401
ist,1055
istanbul,8
item,483
iyer,48
izzat,2
jaa,5
jackky,4
jacobsen,2
jadavpur,225
jadeja,63
jagadish,214
jagan,319
jagdalpur,10
jagdeep,88
jail,2360
jaipur,412
jaishankar,659
jaiswal,338
jaitley,69
jalore,65
jalpaiguri,261
jammu,3211
jamui,295
jan,719
jana,141
janata,1521
jangipur,184
janhvi,22
janhvikapoor,1
jansen,1
january,370
japan,242
japanese,89
jarakiholi,173
jasprit,14
jayanti,72
jayantireferring,1
jayate,32
jaydev,13
jaynagar,180
jd,1145
jeeyo,4
jerusalem,16
jet,275
jetting,5
jewish,14
jhargram,207
jharkhand,2578
ji,787
jibe,278
jinping,42
jitesh,11
jittery,27
jma,1
jo,80
job,2630
jodo,73
joe,106
johar,17
johnson,40
join,971
joined,1556
joining,467
joint,1245
jonas,8
jonny,3
jordan,25
jos,10
joshi,446
journalist,290
journey,720
joy,139
joyous,16
jp,197
judge,1965
judicial,1205
jugjugg,2
jumla,7
jump,160
june,7093
justice,4902
ka,452
kabhi,150
kabir,94
kagiso,8
kanguva,1
kannada,632
kanpur,247
kansai,1
kanthi,182
kapoor,256
kapur,28
karanjohar,1
karein,5
karnataka,5032
karne,30
karthik,187
kashmir,2903
katchatheevu,8
katha,9
kathi,2
katsuhiro,1
katyayani,5
kaushal,50
kaveri,72
ke,292
keeping,618
kejriwal,3201
kemmu,2
kept,996
kerala,3225
ketaki,8
key,2633
keyboard,52
keycaps,1
keystroke,1
khairagarh,6
khaleel,11
khamenei,16
khan,1442
khandre,213
kharge,1219
kharjahrin,5
khmer,15
khobragade,7
khobrogade,15
ki,458
kiara,37
kicked,105
kickoff,3
kickstart,17
killed,1823
kilogram,41
kind,474
king,337
kingdom,60
kishan,216
kisi,16
kit,70
kiya,38
kjo,1
kkr,232
kl,53
klaasen,11
km,945
knack,5
knight,69
knit,5
knob,2
knock,48
know,2342
knowledge,322
known,1686
kock,9
kohli,111
kolar,254
kolkata,4913
kommareddy,7
kong,56
koppal,226
korean,54
koya,21
kreo,4
krishi,38
krishna,599
krishnamoorthi,6
krishnanagar,567
krunal,9
krushna,7
kuch,37
kuldeep,224
kumar,5534
kunal,100
kunbi,8
kundan,12
kurta,22
kushagra,3
kyle,1
la,131
labeling,58
lace,9
lack,1017
ladakh,706
ladder,47
lagegi,2
lagi,6
lakh,6619
lakhpati,27
lakshadweep,104
lalbiakzama,4
lalla,66
lalnghinglova,1
lalrosanga,1
lalu,303
lambadi,1
lamented,32
lamp,25
landed,329
landmark,124
language,956
languish,6
lanka,208
large,1674
largely,229
larger,500
largest,1212
laryngeal,1
larynx,1
laser,46
lasting,155
late,1416
later,3195
latest,897
launch,706
launched,1180
launcher,17
laundering,669
law,4242
lawrence,296
lawyer,819
layout,191
laziness,4
lazy,7
le,1098
lead,1331
leader,9096
leaderboard,10
leadership,1889
leading,2009
league,351
leak,881
leaked,235
leap,35
learn,769
leave,1240
leaving,765
lebanese,13
lebanon,84
led,3203
lee,18
leela,79
left,3640
legacy,495
legal,1688
legendary,48
legion,6
legislative,486
length,198
leo,27
lesion,9
let,1123
letter,1989
level,2197
leverage,90
leveraging,80
liam,6
liberty,348
libra,9
license,140
lid,44
lie,628
life,4382
lifetime,48
lifted,118
lifting,49
light,1440
lighting,54
lightsync,2
lightweight,45
like,6690
liked,50
likely,2012
likened,26
limelight,56
limit,592
limitation,67
limitless,6
line,2050
lineup,16
lingering,11
lining,61
link,759
linked,705
liquidity,11
list,2001
listed,290
listen,169
lite,6
little,835
live,893
lively,15
living,837
livingstone,4
liye,177
loan,839
local,3556
locality,244
located,656
location,1128
lock,95
locked,250
lodged,1087
log,98
logitech,5
lok,14118
lokhande,18
london,248
lone,603
long,1699
longer,486
look,1438
looked,359
looking,752
loom,34
looming,30
loose,63
lop,471
lord,563
loses,58
losing,393
loss,1230
lot,937
lotion,1
lotus,381
loud,150
loudly,17
love,1106
lovebird,2
loved,167
loveless,2
loving,14
low,688
lower,892
lowest,282
loyalist,93
lsg,170
lucknow,1045
lufthansa,52
luvlap,4
lying,395
lyngdoh,6
maa,118
machine,564
macro,13
madhup,1
madhwal,9
madhya,2251
magegee,3
magistrate,712
magnitude,36
mahabubabad,35
mahadev,97
maharaja,70
maharashtra,5398
mahi,14
mahua,388
maidaan,5
main,1613
maine,25
mainly,208
mainstream,230
maintain,566
maintained,457
maintaining,358
major,2116
make,4039
maker,122
makeup,22
making,2437
malayalam,155
malda,707
male,581
malice,16
malicious,113
mallapur,7
mallika,9
mallikarjun,609
malti,12
mamaearth,3
mami,6
man,2660
manage,326
managed,1390
management,1329
manager,562
managing,379
mandate,755
mandir,286
mandya,271
manifesto,1464
manipur,2274
manish,437
manmohan,269
mannara,1
manned,40
manner,675
mansingh,45
mantle,20
mantra,66
mantralaya,16
manufacturing,492
manushi,2
maoist,457
mar,169
march,2624
marco,2
marcus,7
margin,1087
marginalised,106
marginally,70
marie,16
mark,1980
marked,453
market,1690
marketing,142
marking,271
markram,4
marriage,914
marsh,3
marvellous,3
mashup,1
mass,370
massive,725
mastermind,162
mat,75
match,1224
material,797
math,269
matheen,11
matheesha,4
mathura,139
mathurapur,180
matter,2432
mattered,4
mature,46
maurya,92
maximum,1158
maxwell,9
mayank,46
maybe,126
mayer,9
maze,12
mbts,1
mdns,4
mea,317
meal,217
mean,846
meaning,135
measure,1638
measuring,59
mechanical,170
mecon,2
medical,5393
medically,33
medinipur,195
medium,3743
meet,1695
meeting,4721
megha,16
meghalaya,1237
mehra,12
meil,5
melting,14
member,6029
membrane,8
memorable,36
memory,207
men,1483
menace,118
mental,408
mentality,53
mentally,118
mention,495
mentioned,1180
mentor,68
mere,208
mesh,17
mesmerizing,1
messy,12
met,1449
meteorological,370
method,271
methodically,7
metro,1278
mi,339
micro,83
micromagic,1
microphone,32
mid,26
middle,474
midsole,1
midst,40
migrating,12
mild,90
milestone,171
milind,69
militant,205
military,923
miller,80
million,955
mind,664
mindset,159
mingle,7
minimizing,7
minimum,481
minister,23602
ministerial,232
ministry,2825
minor,1246
minute,1285
mirchi,17
misconduct,126
misleading,286
miss,197
missile,572
missing,949
mission,809
mitchell,18
miyamoto,1
miyan,24
mizoram,1186
ml,52
mla,2352
mlc,226
mn,75
mnf,12
moat,4
mobile,1092
mock,86
mocked,46
mod,25
mode,319
model,1466
modern,309
modest,45
modi,14710
modification,80
modiji,105
mohali,125
mohammed,197
mohan,1117
mohanty,60
mohit,55
mohsin,35
moisture,76
moisturised,1
moisturiser,1
moisturize,2
moisturizing,3
moitra,414
moment,586
momentary,5
monday,3954
monetary,96
money,2793
monitored,167
monitoring,401
monster,15
monsterverse,2
monstrous,4
month,4458
monthly,261
mood,245
moon,194
morning,1589
moroccan,2
mother,2396
motivate,37
motive,247
motorbike,52
mountain,295
mourning,49
mouth,180
moved,1139
movement,1188
movie,345
mp,6774
mpatgm,6
mpc,9
mr,109
mrandmrsmahi,1
mrunal,190
msmes,51
msp,230
mubarak,13
muddey,2
mudra,28
muft,16
mughal,73
mukesh,242
mullanpur,9
multiple,1807
mumbai,6724
murder,3286
murmu,502
murshidabad,262
muscle,90
music,292
muslim,2573
mussavir,9
mustafizur,13
muttemwar,9
mutton,38
mysore,450
mysterious,71
na,266
naa,10
nab,135
nadaan,2
nadda,874
nadu,1735
nagaland,1174
nagarkurnool,33
nagpur,853
nahee,1
naidu,1514
naik,475
nalgonda,60
nalkande,1
named,1020
namo,38
nana,79
nandgaonkar,1
nandre,4
nano,40
naor,1
narendra,4277
naresh,169
narine,29
narrow,172
naseeruddin,7
natarajan,11
nation,2944
national,7094
nationwide,325
natural,658
naturally,60
nature,584
nav,6
navalakhe,3
navaratri,5
navdeep,21
naveen,558
navjot,5
navratri,75
naxalism,44
ncp,1707
nda,3328
near,3453
necessary,958
need,4401
needed,711
needing,47
neelam,29
neelavati,16
negative,259
neighbor,58
neighbour,397
neighbouring,475
nellore,71
nep,66
nerurkar,9
net,272
netanyahu,34
netizens,46
network,653
networking,23
new,17578
newest,24
newly,593
news,1327
nia,483
niacinamide,1
nice,46
nicholas,18
nick,9
nicobar,129
night,2205
nike,16
nikhilmehrotra,1
nimbalkar,190
ninja,5
nirmal,308
nirmala,242
nisp,2
nitesh,53
nitin,529
nitish,820
nmdc,4
nodule,4
noida,636
nominated,467
non,49
noor,37
nora,6
north,2882
northeast,253
northeastern,84
northern,297
northward,31
northwestern,5
nortje,5
nortjecaptain,1
notable,622
notably,155
note,975
notice,1897
noticeable,23
noticed,255
notification,512
noting,369
notion,47
notorious,96
nourish,3
november,592
npp,103
nris,20
number,5051
numbering,16
nupur,11
nursing,205
nutritious,24
nyay,130
objection,357
observing,139
obstacle,111
occasion,822
occasionally,35
occult,13
occur,364
ocean,250
oct,994
october,1318
odisha,3566
offbeat,3
offensive,100
offer,1127
offered,825
offering,602
office,3055
officer,6616
official,8933
ofsawan,2
oh,9
oil,326
olay,2
old,1478
older,152
olympics,300
omarzai,4
onboard,69
ondc,5
ongoing,1566
online,1065
open,1638
opened,704
opening,367
operate,332
operated,238
operates,194
operating,578
operation,2550
operational,502
opportunity,1358
opposing,175
opposition,5047
oppression,22
opt,80
opted,141
optical,35
optimal,44
opting,77
option,786
orange,257
order,5029
ordinary,108
organic,81
organisation,1252
organised,494
organising,103
origin,204
original,366
originated,86
osteoporosis,6
outcome,644
outemu,2
outer,206
outfit,357
outing,22
outline,50
outnumbering,10
outperformed,80
outrage,331
outreach,148
outshines,1
outside,1727
outsole,2
overall,716
overboard,5
overcoat,2
overflown,1
overfly,8
overflying,13
overlay,3
overnight,117
overrun,18
overseas,158
overuse,5
overview,81
ovr,4
owing,126
owner,1488
pa,47
pace,334
pacer,25
package,294
packaging,53
packed,106
padikkal,5
page,246
paid,831
pain,443
pair,136
paired,69
pala,13
palace,133
palak,11
pamper,3
panchayat,493
pandey,344
pandit,76
pandya,56
pandyaharshit,1
pannu,11
pant,121
pantbatters,1
panvel,105
paparazzo,14
paper,2350
paraben,2
parabens,7
parag,27
parallel,124
paramilitary,104
parent,2289
parindey,2
park,997
parliament,2617
parliamentary,2043
participate,449
participated,357
participation,451
particular,440
particularly,916
partner,1029
partnering,20
partnership,557
party,23008
passed,1215
passenger,2151
passion,144
past,3005
pat,38
patani,1
patchwork,16
patel,775
patelas,1
path,390
pathan,257
pathirana,4
pathology,8
patidar,13
patience,78
patient,1828
patil,1026
patna,665
patole,107
patra,189
pattabhiram,1
pausing,3
pav,18
pawar,1955
pay,1230
payment,559
payouts,10
pbks,158
pda,60
peace,1044
peaceful,309
peak,386
pednekar,16
peek,6
pelting,41
penchant,8
pending,687
penetration,37
penta,2
people,16662
percent,487
percentage,717
perennial,21
perfect,219
perform,259
performance,943
performed,315
performer,55
performing,200
performs,19
perfume,8
period,1346
periodic,55
permanent,330
perpetrator,225
persistent,108
person,4003
personal,1467
personality,125
personalize,1
personalized,17
personnel,1505
perspective,130
pertains,62
pesky,6
pesticide,39
pf,31
pffr,1
pharma,87
phase,10975
phased,60
phil,12
phone,1587
phonotraumatic,1
photo,1025
photograph,415
photoshoot,4
phrase,74
physical,585
physically,139
physique,3
pick,497
picked,381
picking,95
picture,512
picturesque,26
pig,47
pigmentation,1
pillar,223
pillion,64
pillowcase,2
pilot,886
pinch,29
pink,63
pinnacle,16
pipe,68
piped,14
pipeline,143
pisces,9
pitch,155
pivotal,314
piyush,318
pk,23
place,5929
plan,2481
plane,542
planet,79
planned,694
plant,763
plantation,119
planter,4
plastic,279
plate,209
platform,1024
play,1068
played,641
player,611
playfully,10
playing,459
playoff,37
plea,1289
pledged,158
plessis,9
pm,10504
po,32
podcast,26
point,1656
pointed,926
poised,299
pokhran,21
police,22156
policy,2225
polite,11
political,5029
politically,229
politician,908
politics,2461
poll,9929
polled,332
polling,2828
polyp,5
polyurethane,7
poor,1884
pooran,21
pop,37
popular,454
popularity,222
population,1034
porel,6
portability,6
portable,44
portal,376
portion,336
portray,27
pose,186
posing,189
position,1678
positive,540
possibility,556
possible,1190
possibly,169
post,4071
postal,166
posted,1209
poster,256
potential,1166
potentially,299
poverty,227
power,4143
powerful,227
powerplay,6
prabhsimran,4
practical,76
practice,808
pradesh,7693
pradhanmantri,3
pradip,234
praise,278
praised,250
pralhad,213
pran,32
prashant,212
pratishtha,33
pravin,86
pray,120
prayer,233
praying,49
precarious,33
precise,61
precision,89
predatory,10
predict,77
prediction,176
predominantly,61
prefer,92
preference,175
preferential,23
preferred,98
pregnant,237
preliminary,370
premier,161
premise,757
premium,189
preparation,401
prepare,313
prepared,490
preparedness,144
preparing,386
prepping,2
prescribed,196
presence,1617
present,2195
presented,443
presently,81
preserving,69
president,5678
press,966
pressing,378
pressure,900
prestige,228
prestigious,157
presumably,14
presume,13
pretty,26
prevail,89
prevent,1044
prevention,484
previous,1502
previously,689
price,1401
priced,25
primarily,277
primary,612
prime,5509
principle,443
prior,409
prioritize,61
prioritizing,49
priority,592
pristine,16
pritam,50
prithiviraj,9
prithvi,15
private,2598
privilege,147
priyanka,1256
pro,225
probable,65
probably,191
probe,2098
problem,1302
procedure,679
proceed,202
proceeding,851
process,2603
processdo,1
produced,506
producer,146
product,880
production,605
productivity,72
prof,161
profession,96
professional,626
professionalism,14
professor,457
profit,269
profound,73
program,482
programme,1134
progress,1205
project,3657
projected,151
projectile,9
projection,63
prolonged,208
prominence,65
prominent,860
promise,1231
promised,819
promising,374
promote,357
promoter,100
promoting,423
promotion,214
prompt,102
prompting,435
prone,61
propelled,34
propelling,10
proper,595
property,1841
proposal,799
proposed,896
proposes,95
proposing,86
prosecution,638
protect,1120
protection,1217
protects,38
protest,2744
protocol,297
proud,189
proudly,35
prove,344
proved,302
proven,127
proverbial,10
provide,1873
provided,1487
provides,409
providing,955
provoke,36
prowess,33
proxy,78
psc,7
pti,518
public,5186
publicity,81
published,2914
publishing,73
pucca,28
puducherry,174
pull,135
pulse,173
pulwama,136
puma,15
pump,326
punched,28
pune,2092
punish,34
punished,149
punishment,521
punjab,3245
purba,187
purchase,332
pure,87
purest,1
purple,27
purportedly,222
purpose,721
purposefully,4
pursuant,23
pursuit,101
purulia,210
push,321
pushing,222
pvt,180
pvtg,4
pwi,1
qualifier,60
qualify,84
qualitative,17
quality,1077
quantity,121
quarter,560
quest,48
question,2324
questioned,951
questioning,659
queue,191
quick,369
quicker,15
quickly,401
quinton,7
quite,264
rab,3
rabada,10
race,305
racer,11
rachin,3
radhakrishna,211
radiating,3
radio,96
radiologist,5
radius,61
raf,14
raghuvanshi,6
raha,56
rahane,5
rahman,141
rahul,5181
raichur,241
raid,402
raigunj,173
rail,706
rain,2033
rainbow,16
raincoat,5
rainy,72
raipur,236
rais,12
raise,673
raising,562
raj,1056
rajasekhara,31
rajashekar,178
rajasthan,2893
rajat,30
rajiv,953
rajkummar,12
rajkummarrao,1
rajnandgaon,35
rajnath,854
rajshekhar,9
raked,24
rally,2631
ram,3261
ramakrishna,63
ramandeep,8
rameshwaram,28
ramji,7
rana,334
ranaghat,221
ranbir,66
randeep,74
range,730
ranging,219
ranjan,493
ranveer,30
rao,1272
rashid,344
rashtriya,247
raspy,1
rate,1064
rating,90
ratio,140
ration,186
ratna,624
ravi,408
ravichandran,17
ravindra,335
rayalu,2
rcb,184
reach,1210
reached,1562
reaching,711
react,56
reacted,171
reacting,92
reaction,376
read,1650
ready,866
real,727
realise,158
reality,322
realizing,13
really,213
realm,38
reappearing,1
reason,1829
reasonably,15
reassessment,11
receive,728
received,3532
receiver,23
receiving,733
recent,2142
recently,3984
reception,82
rechargeable,11
reckless,60
recognise,100
recognised,172
recommendation,420
record,2073
recorded,1869
recording,344
recounting,34
recover,253
recovery,336
recruiting,52
recruitment,623
red,712
reddy,2257
redefines,6
redgear,3
redness,9
reduce,534
reduced,563
reducing,263
reduction,246
reebok,5
reece,5
reeling,39
reference,399
referred,581
referring,404
reflecting,167
reflection,85
reflects,191
reformer,32
refrained,215
refraining,18
refresh,14
refuelling,7
refused,861
regard,372
regarding,1554
regardless,246
regenerist,2
regime,376
region,2821
regional,1400
register,418
registered,2964
registration,748
regular,623
regularly,215
regulate,64
reign,58
reiterated,531
reiterates,21
rel,5
relatable,7
related,1342
relation,666
relationship,934
relative,753
relaxation,107
relaxed,27
release,1693
released,1931
releasing,176
relentless,94
relevance,195
reliability,49
reliable,115
reliance,90
relief,1014
religion,675
religious,954
reluctance,59
relying,71
remade,2
remain,1153
remained,863
remaining,932
remains,1166
remake,6
remanded,379
remarkable,212
remarked,465
remember,584
remind,64
remittance,32
remote,215
remove,486
removed,623
rendering,35
renew,37
renewing,16
renovate,16
renowned,189
repair,489
repealing,17
repeatedly,410
replacing,162
replied,172
report,6741
reported,2590
reportedly,718
reporter,528
representation,705
representative,1558
represented,371
representing,2278
represents,229
reptilian,3
republic,129
reputation,285
reputed,51
request,1084
require,255
required,995
requirement,449
rescheduled,48
research,1097
researched,18
researcher,273
reservation,2058
reserved,699
reservoir,208
reshapes,2
reside,73
residence,1295
residential,387
resides,59
resigned,533
resilience,128
resin,7
resist,106
resolution,670
resolve,510
resolved,258
resonating,24
resorting,88
resource,965
respectable,34
respectful,28
respective,373
respond,441
responded,571
response,2101
responsibility,1027
responsible,984
responsive,30
responsiveness,2
rest,706
restraint,122
restriction,288
result,4674
resulting,597
resume,202
resumed,123
resurgence,38
retailer,42
retained,204
retains,51
retaliate,19
retaliation,66
retaliatory,49
retinal,2
retinoid,3
retinol,26
retired,552
return,1778
returned,878
returning,612
revealed,1436
revealing,155
revelation,101
revenue,928
reverse,80
review,998
revised,251
revision,131
revitalizing,4
revocation,42
revolutionize,13
rgb,20
rhetoric,76
rhl,1
rich,551
richard,28
ricky,9
ride,290
rider,167
ridicule,16
riding,287
right,3786
rigorously,16
ringwoodite,1
rinku,57
rinwa,15
ripped,16
risen,110
rishabh,33
rishi,42
rising,508
risk,840
rita,22
ritual,274
riverside,6
riveting,14
riyan,13
rjd,1056
rjs,1
rk,65
road,5560
roadmap,75
roadshows,69
robertjune,5
rock,243
rocket,137
rockstar,4
rohit,239
role,2411
roll,281
rolling,83
rollover,4
romantic,39
rome,27
room,1723
roughly,83
round,901
rounded,34
route,1206
routine,226
roy,1930
royal,287
rr,344
rubber,58
rugged,25
rukh,70
rule,2112
ruling,1072
rumour,213
rumoured,10
run,2010
running,1050
rupee,192
rupted,1
rupture,5
rural,1233
rush,181
russell,27
russia,741
rustiness,2
ruturaj,4
saath,205
sabha,15686
sabhas,14
sabka,69
sacnilk,2
sacred,158
sacrifice,221
sacrificing,18
sadness,17
safe,932
safeguard,227
safely,179
safety,2084
sagar,457
sagittarius,15
saha,262
sahay,17
sahil,52
sahni,17
sai,239
said,56080
sakura,4
saleng,8
salim,50
salman,357
salt,226
sam,165
samajwadi,653
samson,15
samyukta,181
sangadigundala,1
sangh,216
sangma,34
sangras,1
sanitation,130
sanjay,1733
sanjeev,110
sanju,22
sankalp,182
santosh,177
sara,37
sarbjit,3
satellite,292
satisfaction,74
satisfies,3
satisfying,13
satish,177
saturday,3758
satyamev,16
satyaprem,2
savarkar,89
save,959
saving,208
saw,1963
sawai,58
sawan,24
say,4649
saying,3106
sc,3036
scale,274
scam,1183
scared,242
scenario,155
scene,829
scenery,3
scenic,26
schedule,1869
scheduled,2696
scheme,2789
school,5039
scientific,281
scientist,328
scope,164
score,559
scored,325
scoring,144
scorpio,57
scp,90
screen,235
screening,170
scrutinising,22
scrutiny,879
scuba,5
sea,583
seafront,3
seamless,104
search,1120
searching,171
season,748
seat,18812
secluded,39
second,3613
secretary,3254
section,3607
sector,1728
secure,1018
secured,1119
securing,702
security,4485
seek,1306
seeker,58
seeking,1968
seen,2819
seeped,8
segment,791
seismic,24
seismograph,1
seizure,221
select,153
selection,397
self,75
sen,216
sena,2472
send,553
sending,269
senior,4540
sensation,23
sense,464
sensitive,315
sent,2793
sentiment,435
seoul,13
separate,748
separating,14
september,1064
sequence,158
serf,296
series,580
seriously,411
serum,40
serve,424
served,940
service,3855
serving,812
seshu,8
session,1062
set,4043
setback,498
setting,574
setup,45
seven,2514
seventh,443
severe,960
severity,76
sex,311
shade,56
shader,1
shadow,139
shah,2953
shaikh,204
shake,29
shakeel,54
shall,687
shape,132
sharan,126
sharansharma,1
share,1600
shared,1497
sharing,435
sharma,1581
sharmila,39
shashank,38
shatrughan,200
shatter,13
shaw,27
shazib,15
shedding,38
shell,213
shelter,314
shelved,13
shenanigan,1
sherawat,21
shettar,232
shetty,169
shg,13
shgs,16
shia,44
shied,23
shield,123
shift,639
shifting,201
shikhar,13
shillong,32
shilpa,45
shimoga,202
shimron,3
shinde,1411
shine,41
shinsadong,1
shirt,89
shivam,26
shock,422
shocked,216
shocking,184
shoe,344
shoessneaker,5
shoot,110
shooting,388
shootout,56
shop,1044
short,942
shot,973
shout,15
showcase,132
showcased,76
showcasing,173
showdown,32
showed,933
shower,208
shown,352
shraddha,27
shrapnel,5
shreyas,36
shri,595
shroff,20
shrug,8
shubman,9
sibling,145
siddham,3
siddharth,80
sidelined,61
sidewall,2
sigh,20
sight,149
sign,708
signaling,27
significance,862
significant,2877
signifies,19
sikkim,3585
silence,313
sim,64
similar,1276
simple,500
simplified,30
simply,154
sindhu,26
singer,134
singh,9769
singhsunil,1
single,1303
sinha,537
sip,14
siraj,17
siren,6
siruthai,3
sisodia,395
sister,1612
site,1344
sitharaman,389
sitting,1258
situation,2839
siva,59
sixth,648
size,283
sizing,1
skechers,5
skill,559
skin,238
skincare,9
skininspired,2
skipper,27
skunk,2
slackening,3
sleek,15
sleeper,64
sleuth,163
slight,108
slightly,215
slow,184
slowly,94
small,941
smaller,198
smallest,21
smart,208
smashed,33
smiley,1
smooth,290
snail,11
snap,17
snapshot,8
sneak,17
sneaker,8
snow,41
snug,3
snuggling,2
soak,9
soared,68
social,3558
society,1345
soft,111
softly,1
softness,11
software,297
soil,329
solace,28
solar,256
soldier,665
sole,397
solely,147
solid,124
solidarity,214
solidified,9
solitary,44
solo,59
solution,655
solved,80
somebody,75
somenmishra0,1
somnath,77
son,3199
sonakshi,8
sonbhadra,22
song,285
songwriter,6
sonymusicindia,1
soon,1728
sooner,30
soothing,11
sore,14
soren,575
sought,1803
soul,141
sound,200
soundtrack,4
source,4164
south,3116
sowing,50
space,1456
span,171
spanning,342
spare,124
spared,143
sparked,445
sparsh,6
spasm,13
spasmodic,2
speak,575
speaker,989
speaking,707
speaks,298
spearheading,19
special,2969
specialist,151
specie,179
specific,603
spectacle,48
spectacular,27
spectrum,127
speculated,42
speculating,9
speculation,458
speech,1349
speed,926
speedy,130
spell,307
spencer,5
spend,200
spending,241
spent,488
spill,14
spin,23
spinner,17
spirit,312
spiritual,199
spirituality,50
spoke,756
spoken,233
spokesman,87
spokesperson,1127
sport,560
sporting,105
spot,1559
spotlighting,2
spotted,309
spouse,71
sprawling,23
spreading,509
squad,306
square,209
squeezed,6
squinting,2
sr,69
sreerampur,174
srh,162
srivastava,99
srk,17
st,952
stabilise,19
stability,270
stabilize,13
stable,283
stadium,915
staff,1599
stage,1057
staged,202
staggering,132
stand,1605
standard,689
standing,537
standoff,71
standout,24
star,848
starc,18
starrer,14
starring,42
start,1241
started,2824
starting,494
state,22140
stated,2314
statement,4028
stating,822
station,4634
statistic,103
stats,10
statue,674
status,1305
stay,1348
staying,329
steel,293
stellar,18
stem,130
step,1589
stepping,87
steven,3
stiff,47
stock,633
stocking,26
stoinis,5
stoinisbowlers,1
stolen,195
stomach,137
stone,631
stood,807
stop,1056
stopped,972
stopping,139
store,361
stored,104
story,560
straight,157
strain,149
strained,68
strategic,611
strategy,627
streaming,55
stree,6
street,953
strength,634
strengthen,406
strengthening,253
stress,326
stressed,555
stressing,154
strict,358
strictly,114
stride,246
strike,856
striking,110
striving,49
stroke,120
strong,1695
strongest,65
strongly,607
struck,361
structure,833
struggle,545
struggled,104
struggling,176
sts,257
stubbs,6
studied,191
studio,46
study,1415
stuff,34
stumbled,28
stunt,91
style,142
subepithelial,1
subhash,112
subject,496
submit,526
submitted,1530
subordinate,70
subro,1
subscribe,10
subscriber,36
subsequent,295
subterranean,4
subtly,14
success,687
successful,453
successfully,332
suchitra,19
sudarsan,8
sudden,327
suddenly,285
sudharsan,4
sudip,224
suffer,146
suffered,1006
suffering,349
sufficient,214
suggest,363
suggested,650
suggesting,432
suggestion,331
suicide,925
suit,251
suitable,202
sukumaran,12
sulphate,1
sum,190
summary,24
summer,639
summit,715
sunak,52
sundarbans,40
sunday,3917
sunil,407
sunrisers,42
sunset,30
super,248
superb,2
superior,46
supples,2
supply,1217
support,4481
supporter,627
supporting,385
supportive,55
supreme,2552
supremo,266
suraj,170
sure,398
surface,209
surfaced,266
surged,233
surgeon,134
surgery,465
surgical,115
suriya,15
surpass,32
surrender,226
surrounding,589
survey,1323
surya,376
suspect,1637
suspend,75
suspended,674
suspicious,271
sustained,530
sustaining,49
sveep,4
swappable,2
sway,250
swayamsevak,72
swayed,24
swiftly,334
swing,89
switch,132
swollen,27
symbolises,16
symbolism,17
sympathy,133
symptom,339
sync,29
syngkon,7
synthetic,42
syria,25
systematic,72
t20,124
ta,27
taapsee,12
table,267
tackling,65
tactic,159
tactile,4
taha,10
tail,47
tailored,32
tainted,32
taken,5112
taking,3213
talent,225
taliban,33
talk,1512
talking,670
tally,377
talpade,3
tamannaah,34
tamil,3054
tamluk,375
tandem,29
tank,359
tanker,255
tapa,206
target,964
targeted,791
targeting,471
targetted,15
task,543
taskmaster,6
taurus,18
taxi,189
tba,64
tdp,690
teacher,1237
team,4799
teammate,5
tear,177
technical,612
technique,115
technological,144
technology,1567
tehran,14
tejashwi,317
tejasvi,213
tel,6
telangana,3722
telecom,165
televised,15
tell,791
telling,210
telugu,288
temperature,1683
temple,2845
temporarily,146
tend,69
tendency,53
tender,520
tends,9
tenkeyless,2
tense,73
tension,455
tenure,832
tepid,4
term,2009
termed,294
terrain,123
territory,625
terror,636
test,2052
testament,62
tested,227
tewatia,8
textile,231
texture,28
thakre,9
thakur,1050
thakurphilip,1
thankfully,41
thanks,260
theatrical,9
theme,216
themudra,1
theory,81
therapist,6
therapy,96
thermoplastic,4
thi,20
thing,1044
think,1326
thorn,7
thorough,328
thought,813
threat,1632
threatens,57
thrill,19
thriller,29
thrilling,28
thrive,40
thriving,31
throat,287
throwback,41
thursday,3849
thwart,34
tick,17
ticket,1289
tide,87
tie,930
tiger,441
tight,119
tihar,431
tijori,5
tilak,84
till,2684
tim,6
time,10492
timely,192
timing,243
tiniest,4
tiny,37
tip,93
tired,67
tirupati,429
tissue,36
titan,36
titled,147
tiwari,283
tkl,3
tmc,2646
tnn,504
today,2818
toi,2339
toilet,317
tokyo,64
told,5268
toll,713
tone,90
took,5378
topic,145
topley,5
topography,32
total,3119
totalling,66
touch,568
toughest,43
tour,207
tourism,603
tourist,498
tournament,153
town,1133
tr4,7
trace,274
track,1231
traction,59
trade,681
trader,316
tradition,354
traditional,482
traditionally,128
tragically,88
trail,182
trailer,50
trailing,268
train,2878
trainer,55
training,943
trait,25
trajectory,57
transfer,960
transformation,101
transgender,96
transgenders,22
transient,10
transparent,170
transport,949
transportability,1
travel,1320
traveler,47
travelled,255
traversed,20
travis,9
treat,707
treated,730
treatment,1531
tree,899
trek,85
trend,751
trent,6
trial,1274
tribal,745
tribe,267
tribute,240
trick,61
tried,1442
trigger,129
trillion,61
trinamool,1178
trio,116
trip,405
triptii,2
tripura,1585
tristan,6
trolling,34
troop,251
trot,14
truck,676
true,466
trust,1327
truth,497
try,618
trying,1349
tuesday,4007
tuff,1
tumkur,189
tune,122
tura,22
turkish,18
turmoil,85
turn,788
turned,916
turnout,1727
tushar,213
tusshar,2
tv,557
tweet,302
tweeted,89
twice,334
twitter,298
type,340
typical,50
typically,167
typing,3
uavs,14
ucc,424
udaykumar,1
udhar,145
udp,6
udupi,229
ujjwala,23
uk,463
ukraine,536
ul,5
ultimate,76
ultimately,181
ultra,15
ultraportable,1
uluberia,182
umbrella,114
umesh,82
unable,492
unadkat,5
unavoidable,19
unbeaten,32
unbiased,7
unblemished,7
unclear,58
undergoing,363
undergone,71
underscored,244
underscoring,105
understand,745
understanding,405
undertake,154
undertaken,193
underwater,36
underway,565
underweight,7
underwhelming,13
undoubtedly,34
undue,66
unearth,45
unemployment,528
uneven,19
unfold,171
unfolding,55
unfolds,26
unfortunate,283
unfortunately,576
unhappiness,16
unidentified,247
unified,94
uniform,409
uninterrupted,75
union,4841
unique,465
unit,1850
united,836
university,1754
unknown,264
unless,247
unlike,251
unmatched,17
unnecessary,121
unparalleled,31
unperturbed,142
unprecedented,240
unrest,262
unscented,1
unsung,12
untimely,39
unturned,190
unusual,103
unveil,31
unveiled,300
unveiling,23
unwelcome,4
unwittingly,4
unyielding,3
upa,239
upadhyay,75
upadhyaya,21
upcoming,1437
update,458
updated,422
upgradation,27
upgrade,169
upgraded,98
uphill,24
upholds,28
uplift,29
upliftment,30
uppal,105
upper,363
upset,239
upto,54
urban,1002
urge,297
urged,1495
urgent,322
urgently,41
urging,547
usa,89
usage,111
usb,31
usd,48
use,2010
used,4001
user,689
using,1840
usual,148
utilized,32
utilizes,6
uttar,4108
uttara,209
uttarakhand,1703
vacancy,232
vacation,241
vacay,2
vadra,412
vaibhav,54
vain,63
vajpayee,229
valid,341
validity,164
value,757
vande,269
vanlalhmangaiha,7
vanlalvena,7
varied,43
various,3459
varma,93
varsh,1
varun,105
varying,42
vashu,1
vast,157
vastness,4
vc,80
veer,70
vegan,7
vehicle,2862
venkatesh,63
venture,177
ventured,44
venue,338
vera,13
verdict,466
verified,164
vermi,3
versatile,36
versatility,16
version,287
vessel,250
vfx,5
vhf,3
vi,67
vibrant,101
vibrate,2
vicky,100
victim,3051
victorious,519
victory,1799
vidarbha,87
video,3710
vidya,66
vie,23
view,2379
viewer,58
viewing,44
vigilant,122
vijay,568
vijayasai,42
vijayawada,310
vikas,415
viksit,256
vila,406
village,3067
villiers,2
vincent,9
vinyl,3
violating,177
violative,34
violence,1349
viral,709
virat,37
virgin,4
virgo,16
virtual,91
visa,461
visakhapatnam,206
visheshwara,2
vishnu,131
vishwas,25
vision,780
visit,2853
visited,1250
vistara,86
vital,247
vitalease,2
vitamin,44
vivek,161
vivid,11
vocal,108
vodafone,10
voice,772
voltisshoes,5
volume,127
volunteer,484
vote,9571
voter,4117
voting,3095
vowed,109
vpp,4
vulnerable,240
vyas,171
vying,441
wage,167
wait,484
waive,41
waiver,200
wala,60
walking,260
wall,500
wankhede,116
want,3560
war,792
warfare,114
warhead,53
warm,134
warmer,20
warmth,22
warned,508
warner,11
warning,564
warns,68
warranty,63
warrior,63
washing,116
washington,144
watan,6
watch,407
watched,97
watching,344
water,4880
watson,3
wave,441
waving,61
way,2903
weapon,662
wear,296
weather,836
wedding,440
wedge,16
wednesday,3947
week,2575
weekend,228
weight,356
welcomed,254
welfare,1365
went,3266
west,4717
western,659
wet,101
whatsoever,316
whereabouts,119
white,445
wicket,97
wicketkeepers,3
widely,244
wider,90
willing,152
willow,2
win,2734
window,265
wing,493
wingard,1
winner,601
winning,1490
wipe,64
wired,9
wireless,31
wish,510
wished,108
wishing,27
withdrew,204
witness,1225
witnessed,939
witnessing,180
wk,7
wkts,4
wo,438
woe,59
woman,9033
wonder,112
wood,73
wooing,17
word,843
work,6250
worker,2401
workforce,157
working,2539
workload,63
workout,40
workshop,167
world,4101
worldwide,106
worried,223
worry,157
worth,1011
worthless,9
wounded,117
wrap,34
wriddhiman,2
wrinkle,11
wrist,43
wrote,1216
x1,2
xi,163
xt,6
yadav,2360
yadavindra,9
yash,51
yashasvi,8
yatras,23
year,14814
yearly,34
yellow,236
yemen,12
yen,12
yes,180
yesterday,205
yojana,620
york,266
yoshino,1
young,1209
youngster,244
youth,1788
ysrcp,438
yudhvir,4
yugal,2
yusuf,207
yuva,54
yuzvendra,12
zafar,26
zebronics,4
zenith,11
zero,340
zionist,2
zodiac,46
zone,1015
zoom,8
zoram,19
zpm,19
