Word,Frequency
10,4277
100,1397
1000,582
102,136
103,154
104,102
106,100
109,116
10th,713
11,2061
111,211
112,67
115,81
118,83
119,160
11th,557
12,2538
120,266
122,139
124,83
127,81
128,75
129,47
12th,708
13,1673
133,30
134,102
137,83
139,47
13th,621
14,2406
140,189
141,52
142,55
143,65
144,111
145,135
146,93
147,73
148,57
14th,626
15,2482
150,254
151,90
152,68
155,90
156,66
158,57
15th,744
16,2488
160,130
161,80
163,49
164,42
165,71
166,56
169,103
16th,479
17,1494
170,143
175,85
176,122
177,22
178,45
17th,562
18,1728
183rd,2
185,30
186,17
189,27
18th,691
19,1401
190,65
191,70
194,36
1958,18
196,63
1960,61
1965,25
197,61
1977,44
1980,77
1982,45
1996,172
1997,86
19th,462
1st,242
20,2711
200,468
2007,774
2008,678
2010,502
2011,723
2012,883
2013,754
2014,808
2015,476
2016,1102
2017,729
2018,847
2019,1131
2020,1072
2021,1643
2022,2934
2023,2430
2024,13981
2025,958
2028,411
204,20
205,69
208,39
20th,220
21,1298
210,56
211,36
215,24
216,18
21st,229
22,1429
226,25
229,10
22nd,252
23,1075
232,13
23rd,290
24,1409
246,16
249,22
24th,382
25,1480
255,41
25th,271
26,1260
261,59
264,72
26th,227
27,1510
27th,204
28,1069
284,6
285,42
28th,212
29,984
29th,160
2nd,266
30,1489
300,642
30th,221
31,821
314,14
319,15
31st,119
32,868
33,590
33rd,138
34,609
34th,146
35,816
36,939
3600,2
37,684
379,16
37th,80
38,571
38th,83
39,521
390,4
39th,76
3rd,182
3w,2
40,1018
41,643
41st,136
42,647
424,5
43,427
44,373
44th,81
45,494
46,453
47,585
47th,38
48,406
49,298
490,1
4996,1
49th,96
4th,213
50,1343
500,797
5000,10
50kg,430
51,381
5121,1
5162,1
51st,85
52,559
53,339
53rd,104
54,510
54th,57
55,379
5529,1
56,293
57,376
57kg,302
58,394
58th,48
59,273
5th,245
5w,2
60,682
60th,53
61,226
62,276
63,192
63rd,25
64,366
64th,31
65,469
65th,32
66,349
67,380
68,446
69,450
692,4
69kg,84
6th,131
70,496
7000,3
71,406
71st,43
72,308
73,309
74,435
75,561
750,171
75kg,193
76,294
76th,7
77,262
77th,38
78,141
79,114
7th,226
81,150
82,227
83,152
84,136
87,129
88th,131
89,269
8th,182
90,347
91,96
93,130
96,114
99,99
9th,200
aakarshi,381
aamir,37
aaron,500
ab,150
abdul,176
aberg,168
abhinav,175
abhishek,1392
ability,2636
abishek,83
ablaze,15
able,2628
absence,1300
absorb,48
abstained,6
abuzz,52
ac,200
academy,1088
acc,65
accelerate,69
accept,366
accepted,261
acche,25
accolade,224
accomplishment,346
according,1566
accordingly,118
accounted,82
accumulating,213
accused,313
ace,722
achieve,1022
achieved,1937
achievement,2377
achieving,408
acknowledged,1300
acknowledging,481
acosto,2
acquired,120
acquiring,62
act,458
action,2005
actually,792
ad,188
adapt,343
add,1241
added,4069
addedkohli,1
adding,1095
additional,543
additionally,720
address,699
adductor,19
adeptness,8
adil,113
adjei,3
admiration,454
admitted,757
adopted,124
advance,740
advanced,1120
advancing,327
advantage,1143
advantageous,37
advent,17
advertising,27
advice,346
advised,171
advisory,64
aerial,137
afc,350
affair,475
affect,272
affiliated,95
afghanistan,1652
afp,1462
africa,3041
african,639
afternoon,423
agada,2
agarwal,115
aged,280
agenda,124
aggression,283
aggressive,1275
agility,94
ago,1595
agreed,312
ahead,3776
ahmad,188
ahmed,953
ahmedabad,735
ahmedtravis,12
aiden,180
aim,1572
aimed,359
aiming,853
airee,24
ajay,117
ajinkya,156
akane,155
akash,426
akeal,31
akshay,179
al,464
albiach,10
alcaraz,1492
alert,157
alex,450
alexander,512
alexei,77
ali,933
alike,316
alisher,1
alive,440
allegation,365
allegri,8
allianz,74
allowed,945
allowing,856
allows,182
allrounder,345
allure,12
almora,34
alongside,1623
alonso,36
alternating,36
alternative,114
alzarri,87
amallia,16
amassed,566
amazed,40
ambassador,158
ambati,100
amends,194
amerat,13
american,2316
amid,451
amidst,377
amit,594
amplifying,4
amritraj,275
amusement,30
amusing,36
analysed,34
analysing,27
ancelotti,156
andravindra,1
andre,383
andrey,158
ange,15
angeles,494
angkrish,79
angrily,28
angrkrish,2
ani,595
ankita,148
ankle,396
anmol,505
anmolpreet,29
annals,112
announced,2643
announcement,695
announcing,244
anonymity,44
anrich,98
anshul,81
answer,399
answering,91
anthony,260
anticipate,181
anticipated,919
anticipates,145
anticipation,198
antoine,43
antonio,139
anuj,40
anukul,32
anupama,316
anushka,80
anymore,238
ap,496
apart,571
apiece,44
apna,31
apollo,28
apparent,112
appearance,2582
appeared,1016
appears,334
applause,144
applying,116
appointed,622
appreciate,155
approach,1772
approached,278
apr,1264
april,764
aravelly,19
archer,224
architect,113
ardent,29
area,1093
arena,799
arjun,443
arm,378
arnaldi,44
arora,157
arrival,515
arrive,76
arrived,574
arrowhead,46
arsenal,493
arshad,206
arshdeep,874
arun,422
arya,37
arévalo,3
ascend,7
ascended,143
ashmita,333
ashutosh,141
ashwini,494
asia,1571
asian,2746
aside,192
ask,526
asked,1998
asking,454
asks,53
aspect,630
aspiration,372
assamese,5
asserted,221
asserting,137
assessment,260
asset,235
assist,405
assistance,351
association,2511
assumed,188
assumes,46
assured,352
assuring,20
aston,136
astonishing,189
atal,316
ate,12
athens,98
athlete,3120
athletic,304
atkinson,169
atletico,234
atmosphere,458
atop,175
atp,1269
attack,1705
attacking,613
attempt,1161
attempted,383
attempting,242
attendance,185
attention,1245
attraction,45
attribute,92
attributed,297
auction,1154
aug,77
august,1644
augusta,432
aur,215
aurélien,3
australia,5497
australian,2804
authority,786
available,964
avanish,30
avenged,70
avenging,26
average,1532
averting,3
avesh,369
avg,8
avoid,430
awaited,133
award,1412
awarded,502
awarding,37
awareness,178
away,3037
awesome,150
axar,1112
ayush,209
azerbaijan,185
azmatullah,82
ba,48
baad,65
bac,72
bach,82
backed,207
backup,193
backward,104
bad,1778
badminton,7452
badoni,104
bag,268
bagan,872
baggage,29
bagged,210
bahadur,83
bai,840
bail,105
bairstow,221
balance,613
balanced,177
balancing,112
ball,11281
balyan,18
bandwagon,21
bangalore,142
bangar,79
bangkok,171
bangladeshi,91
bank,1107
banking,56
bansod,814
bar,270
barboza,66
barca,29
barcelona,817
barkley,106
barracuda,1
barreto,1
barring,93
barry,30
barsapara,95
baruah,266
base,339
based,699
bash,161
bat,3298
baton,50
batsman,2285
batter,3565
batting,5125
battle,1395
battled,236
bavarian,5
bayer,76
bayern,412
bbf,2
bearing,46
beat,2048
beaten,449
beating,761
beautifully,113
beauty,110
bedroom,57
began,2133
begging,11
begin,1364
beginning,960
begun,218
behalf,72
behavior,133
behaviour,110
behrendorff,18
beijing,312
belief,1583
believe,948
believed,417
beloved,173
belt,496
ben,523
benefit,330
beneston,1
bengal,1130
bengaluru,2647
ber,14
bernabeu,64
berth,638
best,7454
better,3649
bewilderment,12
bhagath,11
bhaji,7
bhandage,24
bharat,483
bhatia,276
bhogle,28
bhosale,31
bhui,58
bhumij,1
bhupinder,2
bhuvneshwar,149
biaka,1
bias,47
bicep,12
bicycle,14
bid,570
bidding,116
big,4146
bigger,536
biggest,1481
bigwig,1
bihari,303
biju,11
billie,92
billion,412
billionaire,58
bindra,148
bingjiao,106
birdie,1572
birthday,433
bishnoi,280
biswas,15
bit,2323
bitter,156
black,433
blah,6
blanked,33
blas,58
bleed,29
blend,178
blood,1011
blow,478
blown,91
boast,482
boasting,193
boby,75
bodes,17
body,1721
boe,388
bogey,1189
bogeyed,174
boiled,28
bollywood,227
bolster,117
bolstered,202
booed,60
booing,98
book,565
boost,491
boot,208
bopanna,509
bore,69
borgohain,559
borussia,116
bother,76
bought,216
boult,188
bounce,727
bounced,287
bouncer,78
bouncing,93
bound,181
boundary,1548
bout,1038
bowl,1936
bowled,1870
bowler,5144
bowling,4303
box,688
boxer,1791
boxing,3581
boy,1908
brace,201
bracing,25
brain,119
brand,1048
brar,54
bravo,44
breach,217
break,2775
breakfast,84
breaking,1039
breakthrough,319
breathtaking,98
breezed,29
bremen,10
brevis,36
brian,303
brief,666
briefly,227
brigade,63
bright,165
brilliance,395
brilliant,716
brilliantly,154
bring,1201
bringing,742
brings,410
brink,152
brisbane,231
broke,988
bronze,4255
brook,454
brought,1611
brunswick,24
brunt,35
bryson,120
buckle,7
build,783
building,534
bulgaria,60
bullied,26
bumrah,2359
bunch,156
bunched,33
bundesliga,110
buoyed,62
burgeoning,25
burger,38
bus,219
busanan,133
business,965
buts,5
buttler,408
buy,217
bwf,1717
bye,198
ca,1745
cadiz,26
caffeine,33
cagliari,13
cahaya,16
called,1218
calling,428
calm,504
camaraderie,256
camavinga,16
came,5649
cameo,148
cameron,348
camp,1446
campaign,2499
canada,1429
cancer,144
candidly,66
cap,1010
capable,328
capital,1374
capitalise,95
capitalised,72
capitalising,37
capitalize,455
capitalized,415
capitalizing,198
captain,7960
captaincy,1173
captained,254
caption,160
captivating,171
captured,293
capturing,197
card,872
career,7126
careful,149
carefully,146
caribbean,533
carlo,353
carlos,774
carnage,60
carry,620
carvajal,73
carve,13
case,1261
casper,279
casualty,49
catch,1581
catching,196
category,1952
cause,362
caused,413
celebrated,964
celebrating,367
cemented,203
cementing,130
central,430
centre,1245
century,2253
ceremonial,32
certain,620
certainly,564
chahal,667
chahar,161
chakaravarthy,83
chaliha,452
challenge,4538
challenger,1673
challenging,2243
chameera,48
champion,13097
championship,8113
chan,107
chance,4869
chandigarh,525
change,2868
changed,821
changeover,81
changsha,14
chaos,102
chapter,369
characteristic,68
characterized,92
charge,940
charles23,11
charter,103
chase,1505
chasing,633
chat,326
chawla,176
check,266
cheekily,28
cheer,382
cheerfulness,1
chelsea,556
chen,575
chengdu,411
chennai,2549
chepauk,317
chernyshov,20
chetan,75
cheteshwar,29
chhetri,647
chhikara,14
chia,65
chidambaram,692
chief,2292
chiew,68
chiharu,168
child,787
childhood,280
china,3330
chinaman,29
chinaswammy,3
chinese,2286
chinnaswamy,343
chip,217
chipped,158
chirag,1542
choice,729
choke,25
choose,263
chose,539
chou,110
choudhary,508
chris,779
christian,282
christie,70
christopher,86
chuahan,12
ci,68
cinema,51
circle,406
circuit,438
circulated,37
circus,47
citing,385
citizen,58
city,3000
claim,1229
claimed,1573
claiming,817
clash,2373
clashed,103
clasico,59
classic,277
claudio,8
clawed,48
clawing,29
clay,1049
clean,313
clear,1618
clearly,394
clever,52
clifford,20
climax,80
clinch,959
clinched,1122
clinching,735
clinical,307
clip,345
clock,122
close,2687
closed,292
closely,767
closer,430
closing,357
cloud,131
clown,34
club,3934
coach,11113
coached,256
coaching,1780
coast,150
cobb,1
cobolli,120
code,213
coetzee,102
coinciding,39
cold,365
collaboration,276
collided,22
collin,93
collision,77
cologne,103
coman,8
combination,854
combine,95
combined,450
come,6688
comeback,2472
comfortable,777
comfortably,422
comical,23
coming,2429
commanding,843
commence,592
commenced,259
commences,62
commendable,370
comment,1382
commentary,346
commentator,382
commented,345
commitment,964
committee,1542
committing,139
common,185
commonwealth,899
communication,220
company,1426
compared,553
compass,3
compatriot,382
compete,1777
competing,1168
competition,3443
competitive,1388
competitiveness,84
competitor,709
complete,767
completed,638
completes,44
composed,334
composure,627
compounded,53
comprehensive,359
comprises,96
comprising,232
computerized,12
conceding,424
concentrating,97
concern,1654
concludes,49
conclusion,589
condition,2937
conditioning,127
conducive,68
conduct,410
conference,941
confidence,1829
confident,984
confidently,161
confirmed,1036
confronts,34
congratulated,161
congratulation,317
connect,98
connection,388
consecutive,2176
consequently,62
consider,411
considered,902
considering,642
considers,119
consistency,655
consistent,869
consistently,854
consolidate,49
constituency,25
consultation,119
consummate,6
contend,33
contender,743
content,240
contention,392
contest,933
contested,504
contesting,29
continental,157
contingent,1007
continue,2239
continued,1713
continues,1210
contrast,466
contrasting,120
contribute,334
contributed,882
contributing,539
contribution,1341
control,1719
controversial,503
controversy,594
conversion,84
convert,416
converted,416
converting,188
convinced,97
convincing,332
conway,95
core,245
corner,1579
cornerstone,61
corporate,55
cost,508
costliest,25
count,498
countered,104
country,3715
couple,2450
courageous,43
course,1959
court,4550
courted,38
courtesy,228
cover,553
coveted,416
cr,398
crack,123
craft,66
crafted,59
cramp,97
crasto,428
craving,8
crazy,196
crease,456
create,742
created,720
creating,467
credential,58
credit,920
crept,51
crest,16
cricbuzz,261
cricket,17141
cricketer,3965
cricketing,1269
crisis,118
criticism,985
criticized,466
croatia,368
crop,69
crore,1200
crorefaf,12
crorehardik,12
crorerishabh,12
croreruturaj,11
croreshreyas,11
croreshubman,4
cross,661
crowd,1621
crown,853
crowned,89
crucial,3949
cruised,123
crushing,187
cryptic,55
crystal,125
csk,2847
cuban,63
cummins,743
cup,17737
curling,37
curran,360
currency,31
current,2585
currently,2779
cusp,62
cut,1555
cycle,432
czech,629
da,416
dabin,2
dad,323
dagar,139
daiki,1
dais,3
dal,8
damage,363
damocles,5
dampened,30
dance,214
dangal,15
dangerous,362
dani,113
daniel,362
daniil,251
danish,158
danny,84
dar,99
darker,50
darshan,91
daryl,146
dashed,183
dasun,23
date,758
daughter,677
daunting,220
david,947
davis,837
day,10865
dayal,528
dazzling,61
dc,1468
deadline,207
deadlock,175
deal,1184
dealing,333
dealt,151
death,464
debate,417
debutant,209
decade,873
deceived,36
december,845
decent,316
dechambeau,276
decided,1467
decider,345
decision,4724
decisive,696
decisively,115
decorated,109
dedication,722
deep,1200
deepak,290
defeat,4856
defeated,3194
defeating,1895
defeatist,1
defence,648
defend,804
defended,444
defender,782
defending,1536
defense,815
defensive,790
defensively,45
deficit,513
definitive,45
deflected,125
delayed,297
delhi,16814
delicate,59
delight,155
delighted,213
delightful,47
deliver,612
delivered,1044
delivery,1656
demanded,89
demanding,293
demonstrate,131
demonstrated,511
demonstrating,266
demoted,18
denmark,1059
denny,1
deny,127
denying,71
department,383
departure,776
depend,135
depends,194
depicts,7
depleted,34
depth,388
desai,80
described,437
deserving,81
deshpande,203
designed,114
desire,647
desired,129
desperately,72
despite,6278
destined,156
destructive,71
determination,1311
determined,949
detour,3
dev,728
devdutt,41
deviate,39
devika,34
devising,5
dewald,35
dhami,112
dhanraj,45
dharamsala,116
dhawan,427
dhir,61
dhona,15
dhoni,3137
dhruv,470
dhull,46
diagnosed,134
diaz,161
dicey,4
die,110
diego,149
difference,913
different,3078
differential,8
differently,192
difficult,2006
difficulty,438
dignitary,19
dilip,176
dilshan,45
diminutive,22
dimitrov,107
dinesh,350
dipendra,39
dipendu,9
directed,146
direction,332
directly,237
director,629
disallowed,106
disappointing,1138
disappointment,886
disaster,78
disbelief,112
disclosed,183
discovered,74
discus,348
discussed,555
discussing,228
discussion,1022
dismissal,880
dismissed,1223
dismissing,468
dispatching,43
display,907
displayed,877
displaying,201
displeasure,96
disrupt,106
distance,267
distinct,70
distinction,160
dividend,41
division,677
djokovic,2274
dmitriy,15
dogwood,35
doku,18
dollar,180
domestic,1281
dominance,1163
dominant,823
dominate,338
dominated,911
dominating,413
donned,103
donning,118
dont,17
double,7411
doubled,184
doubt,639
doubter,42
downed,146
draft,403
drake,65
drama,347
dramatic,518
draw,2538
drawing,235
dream,1508
drew,1432
dribble,13
drive,673
driver,102
dronacharya,17
drop,654
dropped,1101
dropping,387
du,447
duality,14
duan,12
dubai,390
dube,1160
dubey,132
duc,58
duck,428
dugout,138
duly,22
dumbfounded,14
dumped,17
duo,2672
dusan,30
dushmantha,38
dustin,83
dutchman,39
dutchwoman,9
duvan,4
dwaine,16
dwayne,181
dwipuji,16
dynamic,603
eager,600
eagerly,558
earlier,2757
early,4151
earn,534
earned,1226
earning,594
earnings,230
ease,248
easier,252
east,645
easy,1158
ebden,176
ec,19
echoing,47
eclipse,16
economical,75
ed,11
eden,707
edge,1025
edged,214
edition,1560
eduardo,16
edward,89
effective,313
effectively,599
efficiency,62
effort,3408
eighth,928
eintracht,7
ekana,376
el,199
elaborated,106
election,340
electrifying,237
elevate,146
elevated,191
elevating,48
eliciting,20
eliminated,643
elimination,379
eliminator,334
elite,730
embassy,20
embattled,4
embellished,13
embodied,38
embrace,174
embraced,117
emerge,227
emerged,1983
emerges,59
emerging,601
emotion,633
emotional,964
emphasized,1383
emphasizing,522
emphatic,128
emphatically,51
employed,117
en,174
enabled,41
encounter,2295
encountered,207
encouraged,137
end,5846
endeared,16
endeavor,142
ended,2575
ending,678
endured,256
enforcer,49
engaged,431
engages,11
engaging,264
england,6331
english,723
enjoyed,536
enjoying,548
enjoys,189
ensuing,42
ensure,833
ensures,80
ensuring,552
entered,554
enters,121
entertaining,204
entertainment,416
enthralling,117
enthusiast,269
entire,1091
entirely,132
entrepreneur,55
entrusting,13
entry,637
epitomizes,2
equalize,88
equalized,238
er,22
era,959
erik,56
erin,28
erling,66
eroding,22
error,895
erupted,185
escalated,93
escalating,54
especially,2072
espncricinfo,78
essential,137
establish,262
established,527
esteemed,129
etch,74
etched,331
ethical,97
europe,449
european,1224
eve,155
evening,502
evenly,113
event,7820
eventually,1142
everybody,456
evident,503
exactly,464
example,488
exceeding,100
excelled,159
excellence,679
excellent,543
exceptional,1480
exceptionally,104
exchange,334
excitement,796
exciting,1107
exclaimed,16
exclusive,531
exclusively,47
execute,151
executing,126
exemplified,98
exhaustive,18
exhibited,213
exhibition,102
exhilarating,126
existence,55
exit,1155
exited,193
expanding,79
expect,732
expectation,744
expected,1965
expensive,242
experience,2814
experienced,1457
experiencing,189
explaining,106
explains,40
explosive,669
exposed,109
exposing,40
expressed,3783
expressing,384
extended,864
extending,213
extensive,245
extra,862
extraordinary,324
extremely,470
eye,1172
fa,281
fabian,45
fabulous,52
face,5892
faced,3430
facing,1374
fact,1092
factor,548
facundo,17
faf,256
faiaz,1
failed,1616
failing,385
faint,43
fair,402
fairly,135
fall,602
falling,613
faltered,286
famed,70
familiar,268
family,2516
famous,643
fan,8519
fantastic,358
fantasy,462
far,2526
farooqi,107
farooqui,125
fast,1697
fate,349
father,1449
fatigue,51
fault,367
faust,6
favor,354
favorable,143
favoring,39
favorite,501
favour,664
favourable,144
favouring,54
favourite,649
fazalhaq,92
fc,1756
feat,982
featherweight,24
feature,1162
featured,633
febriana,16
february,889
federation,2026
feed,70
feel,3431
feeling,1321
felix,133
fell,1659
fellow,1056
felt,1829
ferguson,259
fernandez,212
fetched,62
field,3750
fielder,280
fielding,607
fierce,442
fiercely,72
fiery,120
fifa,570
fifth,2013
fight,2225
fighter,403
fighting,1021
figure,1772
figuring,23
fih,564
fijian,5
filled,448
film,306
final,15278
finale,247
finalist,282
finally,1265
finance,150
financially,92
finch,103
finding,472
fine,908
finest,148
finger,300
finish,2713
finished,1951
finishing,1327
firework,91
firm,218
firmly,209
fit,788
fitness,1385
fixture,769
flag,363
flamboyant,72
flat,206
flatter,29
flavio,77
flawless,169
fleeting,10
flick,231
flight,450
flinging,9
flooded,55
floundering,1
flourishing,24
flow,167
flowering,1
floyd,75
flurry,113
flying,222
focus,2130
focused,845
focussed,41
follow,512
followed,2367
following,5546
follows,402
food,155
foot,1158
football,4758
footballer,583
footed,2
footstep,131
foray,31
forbes,44
force,1103
forced,835
forcing,218
forehand,478
foreign,764
foreigner,71
form,2931
format,2228
formation,46
formidable,1807
forover,2
forth,97
fortitude,117
forward,2718
fought,1080
foul,172
foundation,464
fourth,3671
fowler,28
fox,306
frame,114
france,1396
franchise,2024
frankfurt,108
fred,53
free,709
french,2857
frenzy,51
friday,2436
friend,1097
friendship,227
fromaiff,1
frustrate,9
frustrated,240
frustration,636
fuel,79
fueled,107
fulfilled,66
fully,550
fun,587
funny,149
fury,171
futile,18
future,2989
gagan,122
gaikwad,629
gained,545
gaining,171
gambhir,2770
game,28092
gameplay,96
gandhi,482
ganguly,518
gap,702
garaga,24
garden,807
garros,935
gary,197
gassama,1
gathered,159
gathering,93
gaurav,69
gautam,1161
gave,1974
gayatri,959
gayle,195
gear,350
gearing,268
gemke,51
genius,65
genuine,125
geopolitical,6
george,690
gerald,94
german,729
gesture,349
getting,2372
giant,1468
gifs,1
gill,1549
ginting,113
girl,1560
girona,85
given,2293
giving,1430
glad,222
glam,8
glass,61
glenn,279
glimmer,53
glimpse,520
glitzy,1
global,1078
globally,229
glory,482
glove,134
glover,4
goal,6292
goalkeeper,1516
god,356
gogoi,39
goh,99
going,6331
gold,3949
golden,487
golf,1532
golfer,481
gomez,46
gone,996
good,7747
googly,69
gopal,64
gopichand,966
gordon,60
gosh,44
got,6138
governance,210
governing,472
goyal,31
goyary,2
gradually,214
grand,3008
grant,327
grass,547
great,4907
greater,427
greatest,1478
greece,105
greek,184
green,1610
greener,7
greeting,49
griezmann,24
grigor,53
grimley,12
grin,57
grinning,13
gripping,117
grit,207
groin,89
groomed,44
groove,61
ground,2078
grounder,2
group,6438
growing,683
grown,189
gruelling,118
gt,833
gu,119
guang,37
guangzu,16
guard,237
guardiola,131
guerreiro,9
guess,257
guided,266
gujarat,1007
gundogan,35
gunpoint,26
gupta,209
gurbaz,166
gust,41
gutta,32
guwahati,511
guy,1985
gvardiol,11
gwgwmsar,1
haaland,147
hai,1797
hailing,76
half,1984
halfway,157
hallmark,52
halted,150
han,258
hand,2799
handed,478
handle,712
handling,189
hang,173
hangargekar,19
hanging,152
hangzhou,412
hao,38
haphazard,4
happend,1
happened,1066
happening,373
happens,558
happy,2653
haq,49
hard,2896
hardik,2664
hardly,194
harendra,209
harmanpreet,1492
harpreet,49
harry,521
harsha,34
harshal,119
harshit,327
harshitaa,92
haryana,789
hasan,843
hasaranga,160
hashioka,1
hastening,2
hat,147
haul,460
hayward,141
hd,276
head,5479
headed,227
header,345
heading,349
health,809
healthy,198
heard,479
heart,894
heartbreaking,244
heartfelt,353
heat,494
heaved,8
heavily,374
heavy,447
hectic,48
hefty,96
height,421
heightened,46
heinrich,323
held,3911
helm,135
help,2250
helped,1722
hemanth,74
hernandez,70
hernia,2
hero,611
heroic,188
hetmyer,96
hi,595
hiatus,256
high,2779
higher,610
highest,1999
highlander,65
highlight,1725
highlighted,1278
highlighting,814
highly,1013
hilariously,38
himachal,390
himanshu,45
hinge,105
hint,152
hip,275
historic,1544
historically,94
history,3829
hit,3518
hitter,113
hitting,1184
hmar,1
hockey,3569
hojgaard,74
hold,2378
holding,757
hole,1422
holger,106
homa,247
home,5507
honest,336
honestly,153
honor,424
honorary,68
hooda,485
hope,3124
hopefully,743
hoping,483
hopped,6
horizon,80
horn,71
horrific,81
hosein,34
hosh,2
host,2741
hostility,28
hosting,462
hot,272
hotspur,109
hour,1667
hourigan,11
house,626
hovland,46
howe,10
hrithik,21
huge,1157
human,301
humbert,27
humiliation,13
humorous,77
humour,62
humourous,7
hunger,176
hungry,214
hunt,111
hurdle,278
hussain,146
hyderabad,2335
hylo,52
hyped,40
hyuk,16
ians,202
iba,987
icc,3649
icon,656
iconic,1114
idol,75
iglesias,74
ii,37
ilkay,23
illustrious,550
imad,279
image,2513
immediate,370
immediately,666
immense,742
impact,2270
impactful,161
impeccable,85
importance,1125
important,2251
impress,97
impressed,402
impressing,37
impression,186
impressive,4023
improve,1099
improved,484
improvement,601
improving,212
inability,236
inaugural,666
inch,205
incident,1497
incidentally,55
inclement,63
include,687
included,1428
includes,1126
including,5219
inclusion,510
incorporated,18
increase,424
india,36554
indian,23987
indicate,175
indicating,242
indie,2257
indira,35
individual,1884
indonesia,1466
indonesian,335
inexperienced,101
influence,537
information,330
initial,723
initially,1105
injects,1
injured,631
injures,15
injury,4994
inn,60
inning,4936
input,3582
inside,1199
insight,538
inspiration,360
inspired,394
instagram,973
instance,390
instead,808
instilled,79
instinct,160
instrumental,586
insurmountable,40
integral,113
intelligent,98
intense,1258
intensely,16
intensified,177
intensifies,23
intensify,35
intensifying,68
intensity,312
inter,459
interacting,24
interaction,467
interesting,700
interfering,41
internal,141
international,8453
internet,198
interrupted,156
interval,147
intervened,70
interview,1574
intriguing,266
introduced,349
investment,348
invitation,74
invited,139
involved,1105
ioa,396
ioc,1088
ipl,29428
iran,131
ironically,17
irrelevant,27
isak,37
ishan,262
ishant,153
isharani,273
isilye,15
isko,37
isl,776
island,200
israel,155
israeli,41
issue,2100
issued,288
ist,4232
italian,1012
itna,16
iyer,989
jack,597
jadeja,1399
jagadeesan,21
jahouh,44
jaipur,922
jaiswal,1124
jaitley,407
jake,449
jakobshalle,1
james,451
jamieson,13
janata,35
janneke,5
jannik,703
jansen,134
january,822
japan,1574
japanese,605
jas,24
jason,487
jasprit,1252
jayant,21
jaydev,68
jean,109
jeremy,120
jersey,634
jhathavedh,28
jhye,55
jia,317
jin,183
jinx,44
jio,65
jitesh,137
jithin,46
joao,45
job,1492
jofra,99
johnson,591
join,1223
joined,1245
joining,756
joint,646
joked,76
jolly,705
jolt,27
jon,110
jonatan,55
jongte,1
jonny,141
joo,19
jordan,653
jos,308
jose,194
joseph,259
josh,342
joshua,455
journey,2639
jovial,8
joy,513
joyous,53
judge,276
judicious,15
juggernaut,64
jugraj,159
june,4619
junior,2090
juventus,180
jwala,54
júnior,8
kagiso,138
kaise,13
kalinga,145
kalyan,54
kamboj,61
kamran,208
kane,507
kang,16
kansa,585
kanwar,21
kapil,388
kapila,284
kapur,42
karen,53
karkera,88
karn,117
karthik,723
kartik,75
kartikeya,28
kashmir,60
kashyap,505
kasimov,3
katethong,15
kazakhstan,160
kc,11
ke,445
keen,296
keenly,54
keeper,198
keeping,771
kept,1725
kevin,798
key,2417
khachanov,97
khaleel,384
khan,2693
khanna,31
kharab,31
kharb,196
khejroliya,14
kholmurodov,2
khona,11
kick,827
kicked,267
kickoff,102
kickstart,44
kid,647
kidambi,244
kieron,65
killer,99
kim,407
kind,1600
king,2542
kingsley,5
kiran,432
kishan,304
kishanrohit,1
kishore,108
kit,129
kiwi,124
kjær,6
kkr,3160
kl,693
klaasen,497
knew,862
knight,2149
knock,1130
knockout,713
know,5544
knowledge,266
known,2716
ko,408
kock,243
koepka,7
kohli,6733
kolkata,2700
kom,678
konjengbam,161
kookaburra,87
korea,692
korean,473
kotian,84
kovacic,2
kremlev,67
krishan,88
krishna,477
krishnan,20
kristin,24
kroos,42
krunal,64
kryger,6
kuldeep,1180
kulwant,12
kumar,1982
kushagra,64
kuuba,23
ky,41
kyle,129
la,1294
laced,32
lack,858
lacked,177
lackluster,205
lacklustre,55
lad,145
ladder,706
lajong,22
lake,252
lakh,453
lakhpat,15
lakshya,1313
lalit,154
lalthuammawia,8
landed,329
lapse,123
lara,292
large,313
largely,314
larger,81
lasted,666
lasting,338
latched,11
late,1846
later,3185
latest,1044
laugh,228
laughter,130
launch,187
launched,397
laurel,31
law,177
layer,170
layoff,17
le,1223
lead,6000
leader,1142
leaderboard,128
leadership,1775
leading,3106
leaf,393
league,8915
learn,647
learned,373
learning,581
learnt,465
leave,1300
leaving,1720
led,3629
lee,1028
left,4032
leg,1510
legacy,1106
legal,547
legend,2754
legendary,1411
leipzig,98
length,416
lesson,294
let,2126
level,3512
leveling,77
leveraging,65
leverkusen,143
lewandowski,126
liam,199
liang,116
lick,30
lie,365
life,3097
lifted,263
lifting,156
liga,208
light,899
lightened,5
lightning,44
like,11423
liked,99
likely,1325
lim,85
limited,500
limiting,97
limitless,26
lin,367
line,1773
lineup,900
lionel,445
list,1608
listen,173
listening,70
literally,201
little,2350
litton,207
liu,323
liv,1061
live,1564
lived,267
liverpool,527
living,293
livingstone,194
load,75
lobera,86
local,1035
lock,87
lockie,183
logic,30
lok,76
lomror,60
london,1092
lone,238
long,3486
longer,695
look,4041
looked,1243
looking,2441
looming,87
loose,135
lorenzo,122
los,534
lose,1109
losing,2948
loss,4707
lost,5516
lot,5854
loudest,9
love,2409
loved,460
lovlina,546
low,854
lower,498
lowest,354
loyal,58
loyalty,128
lsg,1628
lu,118
luca,53
lucas,244
luck,524
lucknow,1343
lucky,352
ludvig,106
luis,190
luke,151
lulu,35
luminary,17
lunch,154
lungi,41
luton,30
lyrical,4
maari,7
maarunga,4
madhushanka,13
madhwal,76
madness,28
madrid,1918
magala,11
magic,165
magpie,6
maharaj,159
maharaja,204
maheesh,84
mahendra,280
mahipal,46
maiden,1345
main,1848
mainly,93
maintain,1012
maintained,1054
maintaining,592
major,3193
make,8224
makeshift,58
making,4437
malaysia,912
malaysian,156
male,527
malik,401
mallick,6
mallika,14
mallorca,69
malvika,1340
mammoth,86
man,1922
managed,3097
management,1173
manager,789
manages,60
managing,488
manav,136
manchester,957
mandal,27
mandatory,134
mandeep,258
maneesha,15
manipur,201
manipuri,12
manish,371
manjusha,14
mannepalli,92
manohar,49
manoj,206
mansingh,249
mar,448
marathon,135
marc,101
marcelo,50
march,1057
marco,149
marcus,273
margin,446
marijne,14
mariner,30
mark,3196
markande,53
marked,1733
markhande,12
marking,974
markram,247
marsh,250
mary,619
massimiliano,5
massive,694
master,1685
masterspreceded,6
match,38768
matched,164
matchup,339
mate,58
mateo,20
maternal,31
matheesha,114
mathias,165
mathur,30
matsuyama,187
matteo,149
matter,1547
matthew,508
mature,108
mavi,11
max,227
maximize,39
maximum,503
maxwell,267
mayank,813
maybe,800
mayweather,316
mc,119
mcc,42
mccarthy,103
mcconnell,29
mcilroy,310
mdns,2
mean,1383
meaning,85
meaningful,96
meant,702
medal,8695
medalist,758
medallist,1434
medical,1161
mediterranean,2
medium,4097
medvedev,479
meeting,1453
mein,172
meltdown,44
member,2200
meme,78
memorable,839
memorial,164
memory,683
men,7948
mental,748
mentality,203
mentally,435
mentor,699
mentored,43
mere,659
meredith,218
merit,82
mesmerizing,36
message,915
messi,1076
met,769
meticulous,66
mi,1691
miami,712
michael,1284
michu,1
micky,8
middle,1173
midfield,257
midfielder,570
midway,161
miguel,62
milan,346
mile,224
milestone,1203
milk,37
miller,361
million,3729
min,47
minaur,289
mind,1384
minimizing,12
ministry,314
minor,232
minute,5415
minz,29
mirjalol,2
mirshad,1
miscued,22
miserable,28
mishap,18
mishra,759
miss,1197
missed,1908
missile,21
missing,921
mistake,881
mistimed,46
mitchell,845
mix,421
mixed,1855
model,406
modern,454
modi,924
moeen,126
mohali,117
mohammad,761
mohammed,959
mohammedan,271
mohit,165
mohsin,249
mohun,538
moirangthem,4
mojo,35
mom,167
moment,5230
momentarily,61
momentary,43
momentum,1418
monaco,63
monday,2567
money,1916
mongolia,107
monique,2
monitoring,64
monte,200
month,3974
mood,171
moody,66
moon,41
morikawa,178
morning,962
mortada,1
mother,609
motivation,295
mount,265
mounted,165
mounting,94
mourinho,22
moved,1103
movie,373
moving,628
mr,285
mueller,27
mujeeb,49
mujhe,110
mukesh,300
mulani,105
mullanpur,171
multiple,1231
mumbai,3908
mumbaikar,36
munich,391
muralitharan,56
muscle,244
musetti,147
musician,23
mustafizur,161
muthusamy,68
muttiah,36
mutual,153
muñoz,2
nabi,135
nadal,2952
nagal,1116
nahi,668
nalkande,19
naman,65
namandhir,12
namdhari,1
named,982
nami,184
nandre,31
nardi,8
narendra,706
narine,569
narrow,515
narrowly,407
natarajan,124
nation,1739
national,5811
naturally,103
nature,803
naveen,42
navigated,105
near,817
nearing,85
nearly,1060
neck,172
need,5895
needed,1339
nehal,67
nehwal,693
nepal,265
neroca,20
nerve,313
nestor,20
net,3258
netted,121
neufc,141
new,25926
newcastle,71
newly,278
news,1224
ngo,9
nice,586
nicholas,230
nick,308
nicklaus,25
nicolai,78
niggles,64
night,1947
nightmare,330
nikhat,632
ning,164
ningbo,76
ninth,818
nishant,368
nitesh,213
nitish,482
noise,207
noisy,10
noor,115
norm,50
normal,290
normally,108
northeast,175
nortje,127
norway,239
norwegian,128
nostalgic,28
notably,394
notching,40
note,544
noted,617
notion,92
notorious,49
novak,864
november,928
number,4005
numerous,842
nuwan,63
obstacle,134
obviously,947
occasion,793
occasional,113
occupies,31
occupying,52
oceania,41
oct,178
october,1455
odean,11
odi,2480
odisha,593
offence,127
offensive,439
offer,927
offering,374
official,2236
officiating,80
oh,147
okay,174
old,1299
older,162
olive,2
olympic,6896
olympics,7714
omarzai,126
ongbamrungphan,37
ongoing,1450
online,358
onrushing,8
onslaught,196
onus,46
oozing,19
open,11299
opened,798
opener,2242
opening,4071
opinion,542
opponent,3295
opportunity,4194
opposition,592
opt,121
opted,606
optimism,216
optimistic,272
option,1057
orange,329
order,1491
organisation,165
original,243
orleans,224
orlen,14
ostwal,19
oust,13
outburst,81
outcome,754
outing,423
outlast,48
outside,1307
outsmarted,27
outstanding,843
overall,956
overcame,428
overcome,710
overcoming,345
overhit,1
overpowering,46
overseas,531
overtake,42
overuse,15
overview,48
ovr,2
owing,132
pa,19
pace,1603
pacer,2165
pacific,39
packed,277
padam,6
padikkal,52
padukone,260
padukonebadminton,16
paid,636
paige,13
painful,106
pair,3036
pairing,128
pakad,17
pal,198
palpable,139
panarin,15
panda,333
pandey,124
pandya,2569
pandyaharshit,2
pandyajasprit,1
panel,165
panghal,773
panic,69
pant,2567
pantheon,34
pape,6
par,1290
parag,617
parent,671
paris,7883
park,762
parred,46
partho,14
participate,921
participated,396
participation,762
particularly,1578
partner,1322
partnered,109
partnership,2083
party,389
parupalli,66
parveen,210
pas,786
passing,729
passionate,330
past,3573
pat,637
patch,191
patel,1389
path,656
pathak,110
pathirana,153
patidar,335
patron,41
pattern,184
pav,6
pavic,31
pawar,321
pay,440
pbks,928
pe,157
peace,124
peach,14
pedro,132
peeping,1
penalty,2353
penetrate,30
penultimate,178
people,3314
pep,108
percent,364
perfect,1062
perform,893
performance,9546
performer,621
perilous,4
period,1396
perished,33
permeates,5
perplexing,4
persisted,99
persistent,225
person,1214
personal,1518
perspective,440
perth,158
peru,67
peruvian,5
phalguni,2
phase,730
phat,65
phil,387
phillips,80
philosophy,144
photo,2532
physical,898
physically,416
physio,175
pick,1544
picked,978
picking,281
picture,574
pietersen,141
pink,48
pinnacle,321
pinned,99
pit,42
pitch,2580
pivotal,1035
piyush,108
pizarro,10
place,6509
placed,733
placing,235
plagued,124
plan,2178
plane,46
planned,314
planning,431
platform,797
play,12177
played,9289
player,25499
playing,7351
playoff,1928
plea,71
pleasant,43
plessis,490
plummeted,32
pm,6228
po,136
poacher,2
pocketing,20
podcast,771
point,9382
pointed,532
pointing,187
poised,417
poland,351
pole,123
polish,199
political,445
pollard,132
ponnappa,279
pool,614
poopers,1
poor,762
pooran,353
popular,584
popyrin,170
porel,216
portuguese,166
posed,232
position,3876
positive,1431
possession,272
possibility,560
possible,1006
possibly,249
post,2223
postecoglou,37
posted,1324
potential,2625
potentially,813
powell,154
power,963
powerful,1098
powerfully,23
powerhouse,197
powering,16
powerplay,737
pr,360
prabhsimran,106
prabhudessai,18
practice,1525
pradeep,41
pradesh,705
praised,832
praising,110
prakash,326
pranjal,6
prannoy,1500
prarthana,36
prasad,199
prashant,40
pratheek,102
pravin,53
praying,31
preceding,80
premier,2699
preparation,1099
prepare,797
prepared,591
preparedness,57
prepares,357
presence,1218
present,1019
presentation,210
presenter,31
presently,67
preserved,6
preserving,24
president,1713
press,1059
pressed,80
pressure,2925
prestigious,1206
pretorius,16
pretty,965
prevent,270
prevented,175
previous,2743
previously,1728
price,296
pride,630
primary,357
prime,519
principality,2
principle,91
prior,577
prioritise,53
prithvi,108
priya,311
priyanshu,508
prize,599
proactive,91
probability,77
probable,186
probably,1251
problem,820
proceed,94
proceeding,193
process,1140
produced,464
professional,2565
proficiency,24
programme,357
progress,1014
prolific,203
prolonged,126
prominent,567
promise,686
promising,950
promote,212
promoted,125
promotion,631
prompted,114
prompting,308
propelled,606
propelling,198
proper,216
proportion,47
prospect,393
protocol,140
protracted,8
proud,1026
prove,537
proved,1198
provided,1137
provides,226
providing,650
prowess,1194
pruning,3
psg,229
pti,2879
public,981
pujara,48
pulella,14
pull,523
pulled,535
pulling,267
pundit,144
pune,575
punished,55
punjab,1521
purchase,94
purple,188
purse,274
pursuit,531
push,655
pushed,419
pushing,416
putt,511
putting,732
puzzling,7
pv,960
qatar,156
qi,173
quad,14
qualification,1415
qualified,974
qualifier,1900
qualify,1040
qualifying,874
quality,1102
quarter,1102
quarterfinal,2370
queered,1
quelled,41
quest,402
question,1511
questioned,417
quick,917
quickest,39
quickfire,108
quickly,1602
quinton,171
quipped,65
quit,303
quite,1725
quota,742
quotient,5
rabada,181
race,881
raced,148
rachin,165
racket,62
rafael,705
raged,6
raghav,94
raghuvanshi,89
rahane,153
rahm,53
rahman,228
rahmanullah,122
rahul,2389
rain,1084
raina,319
raise,306
raised,774
raising,337
rajan,73
rajasekhara,72
rajasthan,2916
rajat,203
rajawat,1300
rajiv,423
rajkumar,76
rajvardhan,11
rallied,307
rally,463
ralte,17
ramandeep,119
ramesh,75
rampaging,21
rampal,10
rana,758
range,546
rani,59
ranji,494
rank,599
ranked,2226
ranking,2823
rankireddy,668
ranveer,14
rao,66
raphael,12
rapidly,109
rare,523
rasheed,22
rashid,690
rashid25,12
rasikh,62
rate,2004
ratna,469
ravi,471
ravindra,1006
rawat,90
rayudu,247
rb,49
rcb,3444
reach,1985
reached,2217
reaching,1245
reacted,155
reaction,659
read,3699
readiness,146
ready,1639
real,1755
realised,66
really,4871
realty,4
reasserted,3
rebound,171
rebuild,82
recalling,94
receive,426
received,1331
receives,139
receiving,704
recent,4054
recently,2769
reckon,90
reckoned,121
reckoning,46
reclaim,190
recognise,140
recognition,783
recognizing,183
recollection,6
record,5617
recorded,408
recounted,128
recovered,254
recovery,682
recuperating,33
recurrent,30
recurring,104
reddy,1280
redeeming,4
redemption,114
reduce,180
reduced,389
reducing,146
reece,101
referee,682
referred,186
referring,201
refined,32
reflected,382
reflecting,471
reflects,334
refocus,43
reform,59
refuse,122
refute,30
regain,406
regained,383
regaining,43
regarded,411
regarding,1112
regardless,201
registered,416
regroup,104
regular,521
regularly,126
reign,1961
reigning,757
reigniting,34
rein,77
reinforce,19
reiterated,89
rejoined,34
relationship,1330
relatively,228
relaxed,157
relaxing,10
release,769
released,627
relegated,41
relegation,76
relentless,446
relied,117
relief,293
relinquished,34
relinquishing,17
relocation,8
reluctant,66
rely,139
remain,1034
remained,1180
remaining,1360
remains,2348
remark,504
remarkable,2792
remarked,542
remarking,29
rematch,468
remedy,34
remember,560
reminder,183
reminiscent,115
removing,153
render,2
renewed,148
renowned,608
repeated,190
repertoire,17
replace,289
replaced,500
replacing,252
replay,158
replied,235
report,1769
represent,633
represented,676
representing,562
represents,151
republic,483
reputation,439
required,891
reroute,3
reserve,676
resilience,1392
resilient,155
resolve,155
resounding,226
respect,996
respectable,108
respective,712
respectively,587
respite,39
responded,872
responding,104
responds,67
response,1255
responsibility,804
rest,1358
rested,144
resting,92
restored,80
restricting,185
result,3110
resulted,444
resulting,575
resume,118
resumed,129
resurfaced,56
resurgence,200
retain,576
retained,325
retire,548
retired,982
retirement,1818
retrieved,32
return,4385
returned,1205
returning,726
reuters,866
revealed,1301
revelling,7
revenge,186
reverse,391
revised,133
revives,2
reward,449
rewarded,242
rhythm,613
rich,228
richardson,136
rickie,19
ricky,608
ride,189
rider,1516
riding,157
right,4560
riled,3
riley,21
ring,2379
rinku,931
ripped,96
rise,668
rishabh,1477
rising,642
risk,388
risky,37
ritika,267
rival,1015
rivalry,1003
riveting,73
riviera,2
riyan,574
rizvi,53
road,607
rob,90
robert,298
robin,167
rodrygo,54
roger,422
rohan,359
rohidas,266
rohit,7080
roland,1026
role,4474
roll,211
rollercoaster,81
romario,96
rome,522
room,1433
rooyen,1
rory,183
rose,514
ross,132
rotate,36
rotterdam,9
rough,231
round,7568
rounded,25
rout,134
route,295
routine,307
routliffe,27
rovman,110
row,556
roy,259
royal,3362
rr,1324
rubber,56
rubbished,16
rublev,315
rude,29
rule,1511
ruling,223
rumbling,5
run,13899
rune,145
running,981
rush,163
russell,429
russia,148
russian,352
rutherford,67
rutuja,106
rutuparna,63
ruturaj,442
ruud,543
ryan,351
sabha,73
sachin,997
sacked,102
sad,391
safely,77
safety,405
saha,127
sahith,150
sai,752
said,20745
saina,1022
sakariya,33
sakib,84
salary,1123
salt,608
salvador,13
salvage,66
sam,374
samad,111
samarth,26
sameer,167
samiya,70
samson,1405
sanabria,5
sandeep,258
sang,114
sangwan,52
sanjai,15
sanjay,424
sanju,839
sankar,122
santiago,142
santner,110
sanvir,26
sar,4
sarma,16
sarpanch,22
sasia,2
sat,267
saturday,3315
satwik,543
satwiksairaj,625
saurav,46
save,690
saved,520
saw,2779
sawai,249
say,3822
saying,2298
scale,114
scare,164
scary,54
scathing,71
scene,570
schar,4
schauffele,269
schedule,1471
scheduled,2742
scheffler,1420
school,688
schopman,7
score,6092
scored,4220
scoreline,333
scorer,561
scoresheet,36
scoring,2794
scotland,896
scottie,265
scottish,214
scratching,17
script,217
scripted,93
scrutiny,322
sd,331
se,376
seal,352
sealed,870
sealing,298
seamer,204
seamers,87
search,189
searching,67
searing,10
season,9023
seasoned,576
seat,206
second,14607
secretary,1276
secure,3296
secured,4390
securing,2992
seed,3914
seeded,847
seek,365
seekhna,15
seeking,451
seemingly,230
seen,2957
seize,74
seized,282
seizing,91
selected,667
selecting,129
selection,1596
selector,1031
self,79
semi,593
semifinal,2807
semifinalist,84
sen,1238
senapati,11
send,436
sends,70
senior,1888
sensation,361
sensational,276
sense,634
sent,796
sentiment,330
seo,16
separate,250
sepp,11
serafim,24
serf,533
sergio,96
serie,178
series,7696
seriously,181
serve,1883
served,640
service,630
session,1596
set,10697
setback,1431
setting,1178
settled,278
seung,27
seven,3205
seventh,983
sex,84
seyoung,15
sg,149
shadow,157
shahbaz,159
shahrukh,101
shai,109
shaik,97
shakib,540
shaky,143
sham,73
shami,674
shanaka,26
shankar,31
shape,271
shaping,238
shardul,126
share,1096
shared,3348
sharing,536
sharma,6295
shashank,223
shattered,164
shaw,272
sheeran,9
sheet,98
sheikh,67
sheng,194
shepherd,77
shepherdgerald,12
sherfane,60
shetty,817
shi,287
shida,180
shield,314
shift,487
shifted,347
shikhar,156
shimron,61
shine,305
shivalik,39
shivam,812
shock,358
shocked,318
shokeen,19
shone,158
shook,108
shoot,187
short,2706
shortcoming,93
shortest,290
shot,4750
shoulder,558
showcase,641
showcased,2085
showcasing,1028
showdown,467
showed,1274
shower,64
showing,834
shown,640
shreyas,520
shri,462
shruti,200
shu,85
shubman,998
shuo,22
shuttler,1698
shuttlers,692
shy,172
sideline,328
sidelined,425
sien,68
sigh,68
sight,336
sign,619
significance,722
significant,4341
significantly,729
signing,428
sihag,51
silver,2021
silverware,94
simarjeet,49
similar,1088
simply,265
simran,171
sindhu,3163
singh,7756
singh25,11
singhi,113
singhsunil,2
single,7970
sinisuka,86
sink,72
sinner,1990
sipping,1
sir,472
siraj,808
sisanda,11
sister,435
sit,495
sitting,447
situation,2623
sixth,1543
size,151
sizzling,42
sjoerd,8
skc,2
skeptical,14
skepticism,25
skill,3088
skip,171
skipper,2949
slam,2825
slated,318
slender,17
slight,200
slightly,383
slipped,288
sloppy,27
slot,546
slow,636
slowdown,6
slower,276
slowest,30
slowly,155
slugfest,22
smack,22
small,630
smart,302
smartly,89
smash,413
smashed,570
smashing,289
smile,436
smiled,96
smith,540
smooth,135
snapping,48
soccer,312
social,2953
societal,40
sohyun,2
soil,291
solanki,31
sole,783
solely,156
solid,735
solidified,283
solidify,60
solitary,120
somebody,246
son,1236
sony,483
soon,1623
soong,15
soothe,1
sorana,39
sorano,31
sort,466
sought,220
sound,260
sounded,93
soundly,6
source,1438
south,4636
southee,150
spain,1472
spanish,763
spanned,88
spare,215
spared,25
sparked,495
sparking,142
speak,378
speaking,623
spearhead,209
special,1973
spectacle,113
spectacular,431
spectator,340
speculating,54
speculation,767
speedster,76
spell,775
spencer,84
spent,565
spilt,25
spin,1229
spinner,2784
spirit,719
spirited,220
splashed,14
splendidly,46
splurged,36
spoke,595
spontaneous,16
sporadic,31
sport,7842
sported,85
sporting,801
spot,4287
spotlight,392
spray,81
spread,170
spur,67
squad,4462
squander,55
squandering,37
square,324
sr,52
sreejesh,1022
sreesanth,71
srh,2052
srikanth,403
srikanthare,2
srivatsa,15
st,374
stadium,7876
staff,1240
stage,4621
staged,369
staggering,294
stake,396
stalwart,212
stand,2412
standard,700
standing,1565
standout,588
star,5766
starc,639
starred,65
start,5464
started,3058
starter,131
starting,1715
stated,1674
statement,1694
stating,1219
statistic,180
stats,320
status,941
stay,1548
stayed,477
staying,334
steadily,88
steady,353
steam,60
steely,10
steep,68
stefanos,184
stegen,20
stellar,467
stem,100
stemming,19
step,1823
stephen,323
stepping,315
stern,129
stick,281
stiff,125
stifled,18
stint,612
stoinis,309
stokes,247
stood,591
stop,838
stoppage,224
stopped,371
storm,228
storming,20
story,1517
straight,2184
strain,146
straka,19
stranded,153
strategic,584
strategizing,11
strategy,927
streak,940
street,301
strength,1112
strengthened,114
stressed,425
stretch,232
stretched,91
stride,191
strike,1872
striker,776
striking,287
stripped,65
striving,89
stroke,732
strong,4075
stronger,548
strongest,75
strongly,236
struck,852
struff,53
struggle,1103
struggled,1510
struggling,711
stubbs,243
stuck,225
stuff,343
stumbled,48
stumping,33
stunned,499
stunning,986
stuttgart,193
style,1670
suarez,126
subhranshu,11
sublime,97
subramanyam,12
subsequent,393
subsequently,263
substantial,442
substitution,89
succeed,237
success,3578
successful,1603
successive,374
succumb,31
succumbed,329
succumbing,149
sudarsan,5
suddenly,344
sudharsan,164
suffered,1924
suffering,436
suffocated,5
suggesting,451
suggestion,131
sujeong,11
sum,127
sumit,467
summed,65
summer,706
summit,356
sun,465
sundar,329
sundargarh,2
sundarpat,12
sunday,3924
sunil,920
sunrisers,1379
supanida,21
super,6625
superb,364
superficial,33
supergiant,7
supervisor,21
supperkings,4
support,3859
suraj,134
sure,1745
surely,228
suresh,198
surface,859
surfaced,117
surge,133
surged,132
surgery,576
surpass,305
surpassed,265
surpassing,477
surprise,833
surprised,795
surrounding,551
survived,117
survivor,156
surya,467
suryakumar,1816
sushant,30
suspended,426
suspension,452
sustained,387
suthar,79
suyash,56
svabikova,81
sven,2
swapnil,216
swastik,31
swaying,2
swedish,207
sweet,147
swelling,35
sweltering,27
swetaparna,157
swiftly,468
swing,590
swiss,339
switch,151
switched,116
swivel,4
sword,34
sympathy,92
synonymous,62
szczesny,15
t20,10740
t20i,2168
t20s,167
table,1764
tabloidish,1
tackle,358
tactic,246
tactical,364
tactically,36
tae,57
tai,73
tailored,20
taipei,1073
tajikistan,35
taken,2106
taking,3270
talent,2649
talented,743
talk,1512
talked,262
talking,794
tall,257
tally,716
tan,175
tanisha,490
tanush,56
tanvi,477
tanya,153
target,2162
task,506
tasting,6
taught,141
taunt,71
tba,334
tchouaméni,5
tea,131
team,39858
teammate,1454
tee,329
teenage,158
teenager,280
televise,29
tell,790
tempered,5
tenacity,203
tendency,100
tendulkar,1356
tennis,4004
tense,376
tension,431
tenth,58
tenure,922
ter,20
tereza,81
term,1125
test,11114
testing,239
tewatia,63
texas,355
tha,163
thailand,1111
thaker,157
thakur,296
thakurphilip,2
thanks,1032
tharun,234
theasian,36
theatp,3
theegala,222
theekshana,104
theekshanaishan,1
thickish,2
thing,4540
think,5993
thinking,717
thoiba,2
thomas,1181
thombare,30
thommy,4
thought,1892
thousand,186
thrashing,85
threat,543
threaten,59
threatened,108
threatening,105
thriller,130
thrilling,1610
throat,40
throbbing,2
thursday,2735
thushara,66
thwarted,159
thwarting,26
tick,28
ticket,354
tide,229
tie,1133
tien,157
tiger,566
tight,535
tilak,191
till,1009
tim,383
time,17657
timely,84
timeout,64
ting,91
tipped,25
tired,300
tirkey,160
titan,961
title,10863
today,2583
toh,398
toi,1201
tokyo,2344
told,3797
toll,220
tom,710
tomorrow,499
tone,331
toni,43
took,6565
tookon,2
topley,93
topped,181
torino,28
total,3915
totally,186
tottenham,265
touch,533
touched,128
tough,2524
toughest,174
tour,3232
tournament,14739
towering,100
town,215
track,1059
traded,164
trademark,148
trafford,176
trail,127
trailblazer,35
trailing,547
training,3048
transition,373
trashing,11
trau,20
travel,768
travis,1497
treat,250
treated,185
treatment,403
treble,29
treesa,859
tremendous,155
trend,184
trent,286
trial,615
tried,1186
trinidadian,6
trio,283
tripathi,93
tristan,208
triumph,2322
triumphant,370
triumphed,637
trophy,4783
trot,81
troubled,141
true,802
try,1656
trying,1655
tsitsipas,376
tuchel,73
tuesday,2377
turf,207
turn,2013
turned,1402
turning,698
tushar,111
tv,862
twice,1033
twin,269
twist,297
tyagi,178
type,178
tyre,19
uber,564
uday,64
uefa,570
uganda,292
ugly,37
ugo,26
ul,37
ulreich,1
ultimately,1700
umar,124
umesh,88
umpire,897
umran,45
unable,755
unadkat,69
unbeaten,1736
unbelievable,294
uncapped,385
unceremoniously,5
uncertainty,277
unchallenged,17
uncle,257
undaunted,5
undeniable,149
underdog,255
undergone,74
underlining,53
underscore,378
underscoring,157
understand,729
understanding,454
undoubtedly,414
unexpected,715
unfazed,70
unfolds,146
unforced,364
unfortunately,544
unhappy,76
unique,729
united,2712
unko,48
unleashed,231
unless,133
unnerving,4
unseeded,190
unsettle,31
untroubled,1
unusual,162
unwanted,78
upadhyaya,134
upbringing,35
upcoming,4214
update,433
updated,122
upendra,21
uphill,110
uplift,38
uppal,260
upper,297
upset,767
ur,114
uralsk,47
urging,150
urvil,11
usa,2941
usd,158
use,964
used,1725
user,162
usual,237
uthappa,136
vaibhav,139
vajpayee,303
valero,1
valiant,473
valiantly,36
valuable,811
value,613
van,617
vanja,2
variation,239
varied,73
various,1285
varma,191
varun,331
varying,87
vast,98
vastly,10
vasu,16
vaughan,493
vc,140
ven,19
venkatesh,236
venue,2111
versatility,225
veteran,1070
vettori,45
vfb,3
vfl,4
vibrant,80
vicky,48
victorious,1576
victory,11855
video,3408
vie,100
viewership,318
vigor,31
vijay,282
vijaykumar,48
vijender,25
viktor,235
villa,261
village,380
villiers,186
vimal,129
vinicius,200
vinod,46
violating,71
vip,34
viral,614
virat,4255
virtually,136
visakhapatnam,128
vishnu,154
visibly,310
vision,322
visit,395
visiting,186
visitor,698
visualising,3
vital,386
vivrant,12
vlahovic,16
vociferously,9
volley,197
vulnerable,61
vyas,14
vying,144
vyshak,56
wade,88
wadhera,73
wait,948
waited,275
walk,379
walking,324
walkover,102
wanindu,131
waning,4
wankhede,771
want,5290
wanted,1808
ward,175
warded,2
warmer,4
warned,116
warner,353
warning,139
warrier,34
warrior,430
warsaw,38
washington,567
wasted,138
watch,2249
watched,435
watching,667
water,395
watson,273
waving,54
waxed,7
way,6103
wayward,20
wc,203
weak,113
wealth,225
weather,606
weathered,69
wednesday,2265
week,6188
weekend,464
wei,419
welch,36
welcomed,172
wellness,55
welterweight,111
wembley,259
went,4506
werder,7
west,2826
whistle,109
white,435
whitewash,135
whopping,104
wicket,7288
wicketkeeper,455
wicketkeepers,37
wide,796
wiese,32
wild,241
willett,30
william,162
williamson,259
willingness,103
willott,74
willy,11
win,16688
wind,419
window,361
winger,236
winless,90
winner,3169
winning,7053
wire,25
wisely,45
wish,825
withdraw,190
withdrawal,303
withdrawing,42
withdrawn,181
withstand,18
witness,344
witnessed,603
witnessing,103
wizard,31
wk,526
wkts,12
wo,689
woe,199
wojciech,8
wolfsburg,12
woman,10658
wonder,176
wondered,53
wonderful,225
wong,121
wood,1155
woodland,1
word,1312
work,4095
worked,1116
working,1648
workload,210
world,32614
worried,202
worth,2080
wrapped,206
wriddhiman,57
wrong,750
wrote,1019
wtc,404
x1,7
xabi,24
xander,117
xavi,82
xi,646
xuefei,6
xyz,2
yadav,2984
yadavindra,158
yadavravindra,1
yamaguchi,231
yan,26
yash,498
yashasvi,683
yeah,522
year,17395
yelling,12
yellow,252
yes,679
yesterday,306
yield,43
yielded,110
yorker,105
yoshikawa,31
young,3397
younger,507
youngest,461
youngster,693
youthful,109
youtube,504
yu,718
yue,262
yufei,76
yuvraj,837
yuzvendra,405
zaheer,136
zalatoris,1
zapata,11
zareen,476
zealand,3017
zero,220
zidane,45
zii,136
zinedine,35
zodingliana,1
zu,37
zverev,1060
