Word,Frequency
10,9166
100,3281
100l,12
100mb,7
100tib,1
100w,637
1027,2
105l,6
1080,270
1080p,1351
1080x2340,25
1080x2412,30
1080x2436,4
108mp,308
10gbps,29
10mm,483
10mp,195
10w,357
10x,106
11,4701
110,620
1102,36
1108,17
1120,55
117,4
118,13
11mm,675
12,4801
120,704
1200,201
120hz,2909
120mm,14
120w,192
1220,17
123,20
125l,6
125w,139
128,176
128gb,1759
12gb,1133
12mp,707
12r,399
12th,287
12w,2
13,3180
135,37
135s,31
1380,23
13900f,1
13mp,324
13th,478
14,5494
1414,7
143,15
144,5
1440,64
1440p,90
144hz,546
145,14
1450,14
147,4
1480,29
149,100
14th,460
15,5936
150,822
159,11
1599,28
15khz,31
15th,154
15w,244
16,9925
160w,60
165hz,106
16gb,1823
16mb,2
16mp,402
16w,62
1750,9
176,44
179,104
18,3867
1800,401
185,49
185h,85
188,8
18th,44
19,637
192,40
1930,36
1996,11
1a,31
1gb,37
1hz,146
1tb,1147
1x,337
20,3220
200,1867
2000,483
2000mah,56
200g,1
200mp,46
2012,54
2017,140
2018,254
2019,304
2020,528
2021,1031
2022,777
2023,1704
2024,10111
2025,815
20gbps,1
20th,120
20w,290
21,543
22,807
2240,48
22mm,10
23,448
230,46
24,1994
2400,237
240hz,273
240mm,1
2412,8
24fps,16
25,1290
250,346
2500,96
256gb,2418
256gboneplus,1
25w,323
26,722
2600,68
27,1419
2712,17
28,698
2800,69
29,408
2a,1042
2g,25
2k,258
2mp,643
2x,1035
30,3125
300,1124
30fps,305
3200,60
320x240,3
326,15
32gb,523
32mp,679
3394mm²,1
33w,212
35,495
359,9
35mm,195
36,424
368x448,4
37,209
38,340
380mah,23
39,208
390x450,26
3d,1045
3ghz,33
3rd,135
3v,40
3w,59
3x,673
40,2752
400,621
4000mah,44
4070,161
40mah,46
40mm,333
40ms,178
412,3
425,78
42mm,192
445,41
44mm,132
44w,114
45,978
4500mah,52
45w,281
466x466,102
46mm,184
47,78
4gb,321
4k,6012
4nm,214
4x,177
4ω,31
50,5321
500,1610
5000,550
5000mah,473
500w,14
50db,450
50mp,3910
50w,382
512gb,1532
525,30
52mm,50
5310,4
543,18
55,407
5a,26
5g,6410
5gb,14
5gbps,12
5t,11
5v,60
5w,267
5x,305
60,1777
600,541
603k,15
60fps,334
60hz,744
61,89
6310,5
6396in,20
64,105
643,2
64mp,352
65,621
6531f,3
66db,16
67w,216
68mb,1
68w,42
6a,18
6k,82
70,799
700,222
7020,57
7050,63
709,16
72,129
7200,83
725,24
7440,4
75,399
78,87
7a,119
7t,11
80,924
80w,519
82,29
8200,77
8200soc,25
85,134
85w,1
86,62
882,19
8gb,2009
8k,305
8mb,30
8mp,1074
90,678
91,69
9140,1
922,1
9440,4
94ms,25
950,37
953,3
9640,452
98,60
9900,144
991,1
995,1
996,8
997,3
998,2
999,256
9to5google,191
a15,205
a16,298
a17,150
a2s5d8f1g6h9j4k7,6
a3,94
a35,201
a3s6d9f2g5h8j1k4,5
a510,25
a55,770
a6s3d8f5g2h9j4k1,5
a710,25
aac,415
aasp,10
aasps,20
abc,28
abhinav,9
ability,2944
able,4162
abroad,208
absent,157
absolutely,236
absorbed,34
abuse,170
acceleration,115
accelerator,87
accenture,14
accept,243
acceptable,480
accepted,58
access,9736
accessed,376
accessibility,613
accessible,1774
accessory,1458
accident,251
accidental,483
accidentally,230
acclaim,232
accompanied,276
accompanying,82
accomplish,19
accordance,79
according,3622
accordingly,195
account,8418
accountability,97
accumulated,68
accumulation,65
accuracy,1023
accurate,2080
accurately,307
accused,334
accuweather,6
ace,782
achievable,3
achieve,828
achieved,375
acknowledge,43
acknowledged,256
acknowledging,65
acknowledgment,37
acquire,217
acquisition,325
acrylic,57
act,1135
action,3419
activate,862
activating,102
activation,123
active,5149
actively,434
activity,3565
actor,368
actress,63
actual,264
actually,553
actuated,2
acute,6
ad,1512
adam,73
adapt,333
adaptable,57
adaptation,83
adapted,58
add,7577
added,3523
adding,2627
addition,3617
additional,5206
additionally,3181
address,3013
addressed,647
addressing,491
adequate,332
adhere,96
adheres,25
adjust,2612
adjusted,100
adjusting,485
adjustment,756
adjusts,1163
admin,65
administration,152
admirably,38
admiration,90
admit,99
adolescence,7
adolescent,46
adopted,289
adopting,141
adoption,341
adopts,27
adorable,147
adore,30
adorning,24
adsbeing,2
adult,261
advance,265
advanced,5845
advancement,435
advancing,63
advantage,1739
advantageous,27
adventure,1691
adventurer,241
adversary,40
advertisement,135
advertiser,163
advertising,327
advice,252
advised,275
advising,38
advocated,10
advocating,36
aero,19
aeroactive,2
aesthetic,1727
affect,549
affectation,36
affected,981
affecting,456
affection,107
affectionately,4
affiliate,119
affordability,455
affordable,3438
ag,51
agarwal,149
age,1169
aged,103
agency,1016
agent,347
aggressive,208
agile,79
agitogi,2
ago,616
agreement,407
ahead,965
ai,23995
aid,505
aiding,50
aim,3145
aimed,946
aiming,552
aimra,8
air,9344
airborne,87
airbrushed,36
aired,61
airflow,1125
airpod,62
airpods,5444
airport,357
airtel,565
airtrigger,1
airvooc,47
aisaka,2
aka,110
akg,29
akumi,2
al,171
ala,37
alarm,654
albeit,42
album,815
alda,7
alert,1426
alerting,89
alertness,10
algorithm,1170
ali,36
alienfx,1
alienware,428
aligning,346
alive,130
alleged,433
allegedly,266
allergy,82
alliance,124
allow,3843
allowed,1139
allowing,4599
allows,7053
allure,16
ally,2305
alongside,1529
alphanumeric,917
alpine,42
alter,109
altered,97
alternate,80
alternative,869
alternatively,286
alters,2
altogether,102
aluminium,1002
aluminum,350
amane,2
amazon,7027
amazonbasics,93
ambiance,64
ambient,1279
ambulance,133
ambushed,6
amd,1062
amend,4
america,429
american,397
amid,286
amoled,2615
ample,595
amusing,18
analog,400
analogue,53
analogy,21
analysing,168
analysis,674
analyst,773
analytics,240
anc,4177
anchor,38
andaman,42
anderson,76
andesgpt,1
andhra,77
andrew,26
androd,25
android,10760
andy,81
angel,133
angeles,28
angle,1778
angry,71
angular,70
ani,49
animal,485
animated,219
animation,711
anime,1116
animesh,2
anna,75
anniversary,270
announce,543
announced,5410
announcing,151
annoying,168
annual,946
anonymity,19
anonymous,182
anonymously,9
answer,2371
antenna,158
antic,12
anticipate,134
anticipated,956
anticipating,36
anticipation,593
antidote,36
antique,26
antitrust,175
antutu,48
anxiety,137
anymore,110
anytime,153
anzu,6
apart,1257
aperture,1594
apex,202
api,194
apology,50
app,23144
appeal,1280
appealing,629
appear,1470
appearance,861
appeared,355
appearing,200
appears,918
apple,31106
appliance,1580
applicable,380
applicant,147
application,2878
applied,298
apply,864
applying,342
appointed,84
appreciate,826
appreciated,301
appreciation,136
approach,1849
approaching,73
appropriate,278
approval,285
approve,77
approved,236
approximately,757
apps,10773
appstudios,7
april,1204
apt,21
aptly,33
aptx,421
aqcolor,2
aqua,332
arab,17
araragi,6
arbitrary,135
arc,929
architecture,528
archiving,46
area,3062
arena,255
argue,144
argued,112
ariana,2
arima,5
arisen,1
arm,875
armed,41
armoured,31
arranges,2
array,1151
arrested,213
arrive,865
arrived,228
arrives,188
arrow,364
art,865
article,625
artificial,1376
artist,473
artistic,73
artwork,148
asahi,1
ascend,28
ashneer,24
asia,359
ask,1317
asked,890
asking,533
asks,142
aspect,1491
asphalt,141
aspiration,44
assassin,237
assembly,167
asserts,55
assessing,52
assessment,119
assign,98
assignment,52
assist,1114
assistance,575
assistant,3189
associated,802
association,163
assume,57
assumes,8
assuming,33
assured,149
astronomy,5
asus,4124
atm,245
atmos,2215
atmosphere,344
atmospheric,151
attach,180
attache,193
attachment,312
attack,1386
attacker,552
attempt,711
attention,1451
attracting,228
attraction,97
attractive,721
attributed,211
atul,34
audience,855
audio,18631
audiobooks,65
audiophile,61
audiovisual,38
augmented,206
august,3422
aura,409
aurora,89
australia,283
authentic,144
authenticity,305
authorised,611
authority,1033
authorization,28
authorized,263
auto,2578
autocomplete,14
autofocus,604
automated,220
automatic,1456
automatically,2760
automation,213
automaton,5
aux,667
avada,29
avail,1188
availability,4550
availabiliy,25
available,20710
avante,6
average,949
avid,43
avoid,1806
awaiting,53
award,234
aware,825
awareness,535
away,1805
ayuzawa,2
azure,206
azusagawa,2
b9v1c3x5z7q2w4e6,2
bachelor,32
backed,1109
backend,52
background,2544
backpack,164
backup,1963
bad,723
badge,218
bag,597
bakemonogatari,4
balance,2464
balanced,1321
balancing,91
ball,872
ban,1173
band,1649
bandwidth,223
bank,7983
banking,842
banned,633
banning,81
banter,39
bar,2419
barbarian,2
barrier,200
base,1660
based,4554
baseline,28
basic,1028
basket,399
bass,5827
basslines,36
bathed,12
baton,3
battery,21594
battle,1872
battlefield,345
battling,127
beat,2475
beatles,38
beautiful,666
beautifully,129
beauty,540
bedtime,165
bee,240
beetle,1
began,325
begin,1216
beginning,386
begun,121
behavior,172
behaviour,425
beige,203
belief,426
believe,814
belong,65
belonging,65
beloved,267
benchmark,405
benchmarking,5
beneficial,375
benefit,2420
benefiting,227
benq,528
bespoke,189
best,5727
bet,102
beta,2703
better,5449
beware,129
bezel,1459
bgmi,543
bharatiya,10
bharatpe,19
bhatt,7
bid,119
biden,98
big,3289
bigger,1346
biggest,898
billion,1933
billionaire,212
binge,87
biometric,498
biometrics,133
bionic,333
bios,319
biotar,41
bipedal,9
bird,315
bit,3303
biz,22
bjp,45
blablacar,1
black,6918
blackmail,22
blade,376
blake,1
blank,93
blend,1395
blending,248
bleutooth,19
blink,136
blizzard,78
bloat,25
bloatware,390
block,1170
blocked,506
blocking,420
blog,558
blood,972
bloomberg,1008
blossom,95
blowing,78
blue,3624
bluehole,2
bluetooth,7443
blur,627
blurred,126
blurring,113
blurry,112
blush,38
board,877
boarding,89
boast,4603
boasting,323
boat,3030
bob,72
body,2597
bohemian,73
bokeh,421
bold,535
bolstered,13
bolt,72
bond,193
book,1121
booking,416
boom,191
booming,45
boost,2675
booster,281
boosting,171
bored,79
born,215
bos,243
bose,169
botttom,2
bought,176
boundary,377
boutique,36
box,3399
boxing,200
boy,552
br,10
bracket,203
braille,1
brain,293
brainchild,1
brainstem,3
branch,208
brand,5377
branding,695
brava,11
brave,68
brazil,193
brb,29
breach,303
break,855
breaking,856
breathe,90
breathtaking,223
breeding,17
breeze,494
breezed,54
brevity,8
brian,36
bridge,209
briefly,77
bright,2243
brighter,461
brightest,112
brightness,4227
brilliant,259
bring,2107
bringing,1456
brings,1910
brio,392
broad,177
broadcaster,29
broader,874
broker,23
brooding,2
brought,628
brower,6
brown,289
browser,938
browsing,1201
brush,425
brushed,92
bsnl,145
bt,400
bubble,257
buck,46
bud,13498
buddy,54
budget,1694
buff,51
bug,711
build,3476
building,1240
built,1504
bulb,132
bulkier,102
bulky,435
bullet,155
bullying,31
bump,497
bundle,264
bundling,42
bunker,8
bunny,24
burden,55
bureau,151
burglary,5
burn,224
burst,135
bus,136
business,4396
busy,590
butterfly,35
buttery,129
button,7932
buy,1654
buyer,954
buying,710
buzz,100
bypass,363
bypassing,45
ca,776
cab,159
cabinet,27
cable,2516
cache,502
cafe,84
cage,12
cake,266
calamity,13
calculator,247
calibre,23
california,220
californian,2
called,1901
caller,392
calling,2226
calm,288
calman,1
calorie,106
cam,443
came,923
camera,25539
campaign,499
canal,246
cancellation,4963
candidate,388
candy,413
capability,5573
capable,1490
capacity,2299
capitalise,41
capsule,179
captioned,50
captivate,240
captivates,41
captivating,737
capture,2908
captured,847
capturing,1274
car,1693
card,9227
cardsinfinix,1
care,1471
careem,2
career,609
carl,185
carol,2
carried,326
carry,1512
carrying,408
case,10339
cash,633
cashback,758
casing,238
cast,335
castor,6
casual,1078
catalogue,119
catch,465
categorizes,10
category,1757
cater,854
catering,606
caters,346
caught,344
cause,1306
caused,544
causing,519
cautionary,7
cautioning,10
cave,10
caveat,1
cbc,2
ce,1338
cease,56
celebrated,337
celebrates,78
celebratory,93
celebrity,204
cellular,414
cent,147
center,1060
centered,59
central,622
centrally,34
centre,1878
centred,83
century,145
ceo,3444
certain,1543
certainly,335
certification,755
certified,468
chabot,2
chain,678
chakshu,37
challenge,3351
challenging,916
chamber,232
champagne,93
champak,36
championing,36
chance,1757
chandra,23
change,6101
changed,703
changing,684
channel,3576
channelled,1
chapter,192
character,1832
characterised,61
characteristic,164
charge,8073
charged,682
charger,1861
charging,16297
charm,333
charming,71
chase,166
chasing,79
chassis,735
chat,3428
chatbot,559
chatbots,165
chatting,73
cheap,258
cheaper,212
cheat,480
check,3763
checking,445
checkmark,98
checkmarks,38
checkout,39
checkpoint,16
cheer,109
cheerful,23
chemistry,21
cherimoya,1
chest,53
chibi,33
chic,181
chief,717
child,1303
childhood,77
chimp,36
china,1555
chinese,1575
chip,5532
chipset,3554
chipsets,356
chocolate,146
choice,4047
choose,4433
choosing,470
chop,129
chose,80
chosen,295
chosun,29
chris,56
christian,33
chromebook,174
chromebooks,153
chromeos,555
chronicle,23
chunibyo,8
churning,76
cid,26
cinema,920
cinematic,650
cinephile,8
circle,781
circling,44
circuit,303
circuitry,28
circular,586
circumstance,103
cited,333
citing,335
citizen,391
city,1366
citymapper,16
civil,93
cjpa,6
claim,9004
claimed,2340
clannad,13
clarified,196
clarifies,23
clarity,1892
class,619
classic,1309
classified,77
classmate,11
clean,3237
cleaner,1057
cleaning,2473
clear,5519
clearer,443
clearly,503
cleric,4
clever,204
cleverly,61
click,4571
clicking,714
client,399
clientele,4
climate,140
clip,528
clock,610
clocked,245
clocking,15
clockwise,31
close,1404
closely,459
closer,631
closing,269
closure,120
clothing,171
cloud,1593
club,271
clue,945
clutch,11
cmf,1441
cmo,59
cnbc,96
cnet,14
cny,115
coastguard,5
coating,440
coaxial,181
cobalt,81
code,19466
codec,403
codecs,388
codenamed,115
coding,282
coercing,2
coercion,2
cognitive,84
coincide,25
coincidentally,2
coined,5
collaborated,75
collaboration,1329
collaborative,160
collaborator,19
collapsible,19
colleague,231
collect,1269
collected,254
collectible,83
collecting,266
collection,663
coloffit,4
colofit,2
colombia,7
color,1676
colorfit,416
colorising,29
coloros,165
colorway,14
colour,13481
combat,838
combating,47
combination,1202
combine,1027
combined,907
combining,478
combo,2094
come,31477
comeback,129
comedic,31
comedy,112
comfort,2210
comfortable,2700
comfortably,477
coming,2632
command,1180
commemorative,13
commendable,380
commended,15
comment,622
commented,428
commerce,566
commercial,404
commercialization,11
commission,617
commit,86
commitment,1429
committed,508
common,1326
commonly,252
communicates,9
communication,1640
community,1942
compact,2092
companion,1573
company,26775
comparable,106
compare,415
compared,3683
comparison,961
compatibility,1452
compatible,2227
compelled,74
compelling,1493
compensation,418
compete,654
competency,9
competent,55
competes,176
competition,1236
competitive,1384
competitor,702
compiled,76
complained,169
complaining,118
complaint,936
complementary,35
complemented,407
complete,2492
completed,264
completely,921
completing,715
complex,924
compliance,254
complication,68
complimentary,232
comply,288
component,1163
composed,112
composer,35
composition,218
comprehension,3
comprehensive,1718
comprising,154
compromise,471
compromised,359
computational,136
compute,129
computer,1958
concealed,33
concedes,3
concentration,51
concern,1934
concise,89
concluded,76
conclusion,193
condition,3448
conditioned,4
conditioner,1403
conduct,188
conducting,69
conductor,7
conference,714
conferencerence,1
confessed,2
confessing,3
confession,2
confidence,468
confident,301
confidential,98
confidently,59
configuration,752
configure,90
configured,74
configuring,35
confirm,923
confirmation,292
confirmed,2336
confirming,165
confirms,185
conflict,235
congenial,2
congress,129
connect,3281
connected,2395
connecting,528
connection,2636
connectivity,6030
connector,310
connects,314
consequently,41
conservative,101
consider,1518
considerable,319
consideration,212
considered,282
considering,1514
consistency,258
consistent,1157
consistently,663
consisting,140
consists,353
console,1760
consonant,1
conspicuously,42
constant,280
constantly,285
constitutes,18
constructed,32
construction,715
consultation,95
consultative,1
consulting,57
consumer,3774
consumption,1188
contact,3329
contain,141
containing,301
contender,630
content,7775
context,577
continually,58
continuation,43
continue,1608
continued,448
continues,1855
continuously,496
contour,77
contract,283
contrary,50
contrast,1815
contrasting,95
contributing,403
control,11798
controlled,327
controller,884
controlling,343
convenience,1551
convenient,1319
conveniently,147
convention,133
conventional,322
conversation,2013
convert,454
converted,102
convertor,2
convey,81
convicted,24
convincingly,30
cook,434
cooky,67
cool,2268
cooler,961
cooling,4963
coordinate,48
coordination,49
copilot,1440
copper,939
copy,723
copyright,98
cord,218
core,5344
corner,1623
corning,638
corporate,323
corporation,281
corrective,26
correctly,255
cortex,126
cosplay,2
cost,3205
council,120
counter,352
countless,184
country,3689
couple,973
coupled,342
cour,8
courier,35
course,669
court,814
cover,1490
coverage,479
covered,544
covering,355
covert,20
cp,61
cpu,1541
crack,429
crackdown,60
cracked,861
crackle,2
craft,105
crafted,877
crafting,166
crank,279
crash,478
craves,36
craving,22
crawler,4
crazy,147
create,4835
created,954
creates,488
creating,1914
creation,760
creative,1306
creativity,398
creator,1242
creature,146
credential,871
credit,3181
credited,814
creed,219
creeping,10
crickpe,2
crime,332
criminal,402
cripiset,26
crisis,134
crisp,1488
critic,67
critical,862
criticised,190
criticism,295
crore,709
cross,218
crossbeats,682
crosswalk,3
crowded,560
crown,445
crucial,2140
crush,213
crypto,737
cryptocurrency,400
crysis,1
crystal,295
ctrl,69
cuboidal,14
cue,292
culmination,77
cultural,210
cumbersome,140
curated,821
curb,125
curiosity,88
curious,131
curiously,2
currency,643
current,2334
currently,2529
curse,62
cursor,214
curve,379
curved,1312
cusp,14
custom,2083
customer,6810
customisable,1044
customisation,812
customise,1863
customised,495
customising,111
customizable,708
customization,396
cut,1442
cute,360
cutie,22
cutting,192
cvc,2
cyber,671
cyberattacks,117
cybercrime,204
cybercriminal,32
cybercriminals,115
cybersecurity,511
cycle,694
cycling,171
cylindrical,126
daily,8902
damage,850
damaged,175
damaging,110
damsel,4
danger,256
dark,1696
darker,167
darling,101
dash,3460
dashcam,1073
dashcams,236
data,7778
database,151
date,2619
dating,177
daunting,64
day,11086
daydream,4
daylight,889
dc,266
dead,300
deal,2869
dear,120
death,414
debit,625
debt,72
debut,1188
debuting,18
deceased,29
december,380
decent,3138
decide,415
decided,400
decision,1475
decline,563
declined,187
decor,97
dedicated,3498
deemed,38
deep,2825
deepen,2
deepens,2
deeper,1016
deepfake,123
deepfakes,92
deeply,274
deepmind,147
default,1278
defending,141
defense,302
defies,8
defined,147
defines,47
definitely,615
definition,68
definitive,101
degree,902
del,12
delaporte,4
delay,1036
delayed,205
delete,1208
deleted,401
deletion,100
delf,155
deliberateness,36
delicate,151
delight,228
delightful,77
delightfully,41
deliver,5343
delivered,917
delivering,2582
deliveroo,8
delivers,4060
delivery,1682
dell,2065
delta,149
delusion,6
delusional,2
delve,421
demand,1430
demanded,54
demanding,1383
demeaned,3
demo,203
democratic,42
demonstrate,111
demonstrated,300
demonstrates,69
denim,31
denote,30
denotes,80
densenest,6
density,182
department,906
departure,407
depend,148
dependable,109
depending,1180
depends,415
depicted,55
depicting,98
depicts,1097
deployed,120
deploying,36
deployment,107
deploys,11
depression,61
depth,1537
derail,10
descending,1
described,219
describes,52
describing,101
description,471
descriptive,44
desert,233
deserves,214
design,20647
designated,319
designation,30
designed,6248
designer,151
desire,211
desired,843
desk,303
desktop,1501
despite,2634
detachable,299
detailed,2750
detailing,122
detained,33
detect,1131
detection,2455
deter,21
determination,86
determined,113
determines,13
detonating,1
deutsche,16
devabhaktuni,23
develop,541
developed,819
developer,3255
developing,734
development,1936
develops,21
devesh,1
deviate,63
device,25015
devoid,24
devoted,10
devtest,1
dgp,4
dhare,2
dhawan,6
diablo,42
dial,885
dialogue,465
diamond,393
diaphragm,169
diary,11
died,68
difference,1179
different,6353
differentiate,164
differentiating,30
differs,22
difficult,596
difficulty,319
digi,19
digital,5041
digiyatra,14
dim,224
dime,55
dimensity,1175
dimly,142
dip,212
direct,1660
directed,181
direction,677
directly,2723
director,1073
dirham,1
dirt,503
disability,38
disabled,144
disadvantage,26
disagreement,41
disappearance,13
disappearing,49
disappoint,250
disappointed,122
disappointing,157
disaster,103
discard,5
disclose,118
disclosed,157
disclosure,129
disco,149
discomfort,327
discontinue,133
discontinued,176
discount,7829
discounted,608
discover,613
discovered,487
discovering,150
discovers,34
discreet,78
discus,266
discussed,182
discussion,349
disguising,4
disjointed,8
dismiss,13
dismissing,30
disney,68
displaced,4
display,21813
displayed,477
displaying,228
displayport,138
displayports,26
displeasure,20
dispute,353
disrupt,229
disrupting,119
disruption,357
dissatisfaction,11
disseminated,16
dissipated,1
dissipation,70
distagon,41
distance,552
distinct,776
distinction,70
distinctive,586
distinctly,65
distortion,517
distortionless,23
distribute,166
distributed,206
disturb,141
ditch,142
ditching,97
dive,1279
diverse,1049
division,360
diya,5
dj,81
dnd,62
document,2530
dolby,4608
dolch,1
doll,101
domain,265
domestic,1412
dominance,285
dominant,77
dominate,154
domino,10
donan,12
dongle,144
doom,131
door,902
doppler,1
dordle,1
dorm,114
dormant,1
doshi,24
dot,4487
double,1378
doubled,224
doubling,135
doubt,266
downclocking,2
download,2417
downloading,528
downloads,421
downward,119
downwards,38
dozen,382
dr,79
drain,174
drake,58
drama,194
dramatic,210
draw,528
drawback,252
drawing,278
drawn,151
dream,684
dreamy,155
dress,221
drive,2292
driven,392
driver,5239
driving,1115
drone,318
drop,1566
dropdown,119
drug,164
dts,386
dual,5161
dubai,163
dubious,12
duh,51
dune,109
dungeon,61
duo,1505
duolingo,13
duopods,115
durable,1112
duration,329
dust,2803
duty,1074
dwarf,62
dwindling,3
dylan,16
dynamic,4056
dynamically,175
e3100,1
eagerly,178
eagle,92
ear,5552
earbud,1204
earbuds,23784
earc,221
earlier,2684
early,1892
earn,2710
earned,347
earning,477
earphone,3966
earpiece,124
ease,1195
easier,2076
easiest,57
easily,5270
easter,64
easy,4570
eat,110
eateasy,1
eats,63
eccentric,11
ecd,6
eceive,20
ecg,202
echo,366
eci,36
eclipse,42
economic,510
ecosystem,1115
ed,83
edge,5256
edit,1043
edited,140
editing,1677
edition,2179
editor,594
educational,230
eerie,26
effect,2402
effective,2043
effectively,1700
efficiency,3252
efficient,2523
efficiently,821
effort,1506
effortless,355
effortlessly,895
egg,70
eis,70
ejector,26
ektar,216
elearning,1
elec,50
election,417
electric,368
electrical,365
electricity,883
electro,47
electronics,1585
elegant,338
element,1437
elevate,1044
elevated,339
elevates,257
elevating,112
elevation,6
elicit,8
eligibility,122
eliminating,435
elise,7
elite,1703
elon,859
elton,2
elusive,319
email,3282
embark,221
embarking,50
embrace,295
emerald,144
emerged,388
emergency,1230
emerging,223
emi,1567
emirate,34
emotion,241
emotional,200
emphasis,352
emphasise,131
emphasising,178
emphasize,15
emphasized,277
employed,110
employee,2118
employment,85
empower,164
empowering,122
empowers,154
enable,2637
enabled,1380
enables,1756
enabling,1915
enacted,18
enc,767
encompass,92
encompasses,74
encounter,495
encountered,187
encountering,73
encourage,178
encourages,201
encouraging,147
encrypted,184
encryption,479
end,2636
endearing,20
ending,265
endure,29
endures,8
enduring,113
energy,3839
enforce,66
enforcement,204
engage,680
engaged,309
engagement,707
engaging,1818
engine,1815
engineer,882
engineering,637
english,417
enhance,5105
enhanced,5570
enhancement,1465
enhances,2030
enhancing,2448
enigmatic,27
enjoy,2868
enjoyable,362
enjoying,402
enjoyment,122
enquiry,137
enrich,490
enriched,42
enriching,113
enrolled,93
ensue,6
ensure,4453
ensures,3917
ensuring,5017
entanglement,11
enter,2756
entered,339
entering,581
enterprise,370
entertained,41
entertaining,74
entertainment,2074
enthusiasm,194
enthusiast,1467
enticing,186
entire,1868
entirely,524
entity,296
entrepreneur,172
entry,665
environment,2815
environmental,1360
envisioned,22
eol,8
epeat,82
epic,705
episode,774
eq,1216
equal,484
equaliser,581
equally,294
equation,89
equipment,542
equipped,4923
era,521
erase,222
eraser,499
erratic,13
erratically,10
error,595
escalated,47
escape,290
eshop,28
especially,4011
esports,147
essential,2222
essentially,739
establish,201
established,471
establishing,41
esteemed,28
estimate,76
estimated,279
esu,28
et,253
etched,41
etching,24
ethernet,278
ethic,94
ethical,127
ethos,116
europe,495
european,639
evade,32
evading,32
evaluate,216
evaluation,29
evasion,19
evenly,198
event,5159
eventually,249
everyday,1723
evidence,347
evident,204
evie,55
evolution,298
evolve,106
evolves,52
evolving,461
exact,562
exactly,709
exaggerated,43
examine,67
example,1877
exceeding,171
excel,401
excellence,296
excellent,2164
excelling,38
excels,780
exception,217
exceptional,1446
exceptionally,52
excess,318
exchange,2031
exchanging,180
excited,412
excitement,1182
exciting,960
exclusive,2059
exclusively,720
excperiencing,1
excursion,18
execute,173
executing,87
executive,742
exemption,20
exercise,480
exhaust,154
exhibit,262
exhibiting,31
exhilarating,418
exist,155
existing,1573
exists,81
exit,251
exited,12
exotic,12
expand,1162
expanded,3103
expanding,791
expansion,745
expansive,340
expect,2013
expectation,665
expected,7300
expecting,72
expects,140
expenditure,53
expense,166
expensive,1005
experience,21556
experienced,646
experiencing,520
experiment,223
experimenting,112
expert,522
expertise,371
expire,74
explained,558
explains,252
explicit,139
exploit,452
exploitation,165
exploited,217
exploration,325
explore,1574
explored,58
explorer,127
explores,113
exploring,593
exposure,1153
express,561
expressing,164
extend,476
extended,2112
extending,292
extends,466
extension,673
extensive,808
extent,331
exterior,207
extra,3054
extraction,24
extreme,835
exudes,104
exynos,465
eye,2787
f4g6h8j1k3l5s7d9,2
facade,36
face,5982
facebook,2841
faced,876
facetime,317
facial,573
facilitate,311
facilitated,57
facilitating,184
facility,353
facing,738
fact,591
factor,1589
factory,351
faded,146
failed,264
failure,395
fair,256
fairness,440
faithfully,6
fake,1158
fall,1301
falling,538
false,282
familiar,1139
family,1906
famous,217
fan,3411
fanciest,36
fantasy,301
far,1386
fascinating,72
fashion,458
fashionistas,40
fast,7139
faster,2598
fastest,344
fatigued,28
favouring,31
favourite,1397
fbi,84
fc1y7n3t6r4p9ave,9
fe,897
fe9v0c5b1r4s3n6a,9
fearing,28
fearless,42
feasibility,9
feast,92
feature,62515
featured,312
featuring,3193
february,487
feed,500
feedback,1132
feel,7512
feeling,954
fellow,60
felt,1388
female,493
fest,60
festival,817
festivity,107
feud,12
ff4w2q7d1e6y8bnx,18
fg5q2r3x4z1e6tbf,9
fiddly,81
fidelity,112
fido,17
field,1861
fiery,20
fifj0s4d6c9l8y2k,5
fight,471
fighter,152
figure,633
file,3075
filed,452
filled,394
film,1942
filter,3124
filtering,218
final,1395
finalised,50
finalized,3
finally,626
finance,348
financial,2081
financially,63
finding,872
fine,1884
finer,59
finger,832
fingerprint,1583
fingertip,172
finish,3319
finished,161
fintech,90
fired,180
firm,667
firmly,44
firstly,55
fit,2839
fitness,1763
fix,1109
fixed,766
fixing,52
fk9z3lfty6fr4c0b,7
flagged,72
flagship,1982
flair,204
flash,1020
flat,1847
flaw,509
flawless,246
flawlessly,269
flex,329
flexibility,908
flexible,587
flight,860
flip,1029
flipkart,3514
flipped,40
floating,228
flourish,46
flow,656
flowing,111
fluctuating,81
fluid,640
flying,144
fm,403
fm3n7a9v1x5c8jkl,9
foca,7
focus,3153
focused,604
focusing,517
fold,1287
foldable,2404
folding,250
follow,2092
followed,626
follower,622
following,2298
follows,834
food,1235
fool,113
footage,926
football,444
foothold,19
footprint,508
force,790
forced,255
forecast,169
forecasted,2
forecaster,1
forecasting,28
foreground,35
forex,126
forget,465
forgoes,3
forgotten,74
form,2336
formal,191
format,915
formation,248
formed,82
formidable,193
forming,50
fort,146
fortnite,340
fortunately,140
fortune,191
forum,89
forward,1087
fotryh5r6ye56izj,5
foundation,518
founded,128
founder,672
fourth,519
foxconn,146
fps,981
fraction,61
frame,2165
framework,314
framing,267
franc,1
france,358
franchise,285
fraud,1494
fraudulent,722
free,10058
freebeing,1
freedom,1020
freely,82
freesync,163
freezing,116
french,484
frequency,1201
frequent,559
frequently,1054
fresh,1475
friend,1973
friendly,104
friendship,98
frog,15
frosted,32
frosty,49
fruit,369
frustrated,50
frustrating,290
frustration,230
fs9w3v7x1l5j6foq,5
ftc,231
fu6l2d8i7j9r4e0y,14
fuel,229
fueling,45
fujioka,2
fujiwara,2
fulfil,61
fulfilment,18
fulfils,80
fully,1905
fumita,2
fun,1640
function,2705
functional,726
functionality,3534
functioning,102
fund,620
fundamentally,54
funny,129
funtouch,331
furnishing,2
furthermore,411
furukawa,2
fusion,590
fussing,36
future,2399
futuristic,81
fuzz,75
fw6h8k3y5n2r7x4m,11
fx2g5p9f3h6t1l4v,9
fy23,27
fz8hr6yh56yg1u7q,5
g1s4d7f2g5h8j3k6,6
g4s7d2f5g8h1j6k9,5
g99,43
g9b1v3c5x7z2q4w6,2
g9j6k3l2p7o4i1u8,5
gadget,506
gain,1243
gained,1361
galaxy,11714
gallery,499
game,20562
gamecool,1
gameplay,2895
gamer,239
gamers,2156
gamified,10
gaming,15236
gamut,544
ganta,19
gap,544
garena,3957
garnered,334
garnering,21
garuda,17
gather,333
gathered,53
gathering,162
gauge,156
gave,322
gazillion,21
gb,769
gear,430
geared,18
gearing,303
geekbench,115
geforce,386
gem,1445
gemini,1657
gen,4044
genai,137
general,1205
generalise,3
generally,556
generate,1147
generated,487
generates,227
generating,254
generation,2884
generative,982
generic,55
geneve,1
genre,993
genshin,551
genuine,296
geography,41
german,156
germany,210
gesture,2180
getting,2105
ghost,667
giant,2258
gib,1
gifs,405
gift,660
gigabyte,319
girl,454
given,1327
giving,1702
glance,393
glass,3557
glimpse,273
glinted,11
global,2659
globally,623
glory,290
glossing,2
gmail,482
goal,1019
goat,114
god,460
going,1918
gojou,6
gold,2383
golden,369
goldman,46
gone,673
good,12078
goodbye,109
goody,53
google,20727
googler,8
gorilla,885
got,2961
gouda,2
government,2715
govt,36
gpu,1512
gpus,156
grade,270
graduated,22
grain,141
grainy,150
gram,1195
grammar,93
grand,409
grandiose,2
grandma,103
grant,227
granted,128
graph,27
graphene,96
graphic,2779
graphical,204
graphite,233
grapple,37
grappling,60
gratification,36
gray,537
great,3866
greater,490
greatest,272
greed,4
green,2489
greet,27
greeted,474
grew,288
grey,1115
grief,32
grievance,156
grieving,4
grille,519
grim,11
grind,64
grinding,26
grip,911
gripe,51
grocery,97
groove,79
groovy,42
ground,360
groundbreaking,177
grounded,32
group,3837
grouped,39
grover,40
grow,334
growing,1139
grown,99
grows,101
growth,1868
gruelling,18
gta,982
guarantee,298
guess,295
guessing,25
guest,610
guidance,272
guide,1865
guided,45
guideline,854
guitar,249
gujarat,48
gurman,1073
guy,302
gym,113
h1j4k7l2p5o8i3u6,6
h2j4k6l8a1s3d5f7,2
h35n,252
h3j6k9l4p7o2i5u8,3
h9j2k5l8p3g551u4,5
habit,313
hacked,340
hacker,824
hacking,306
hai,143
hailing,18
half,1340
hallmark,84
halo,242
hampering,55
hanako,4
hand,3991
handedly,3
handle,3331
handled,481
handling,1105
handset,1077
handwritten,45
handy,1521
hang,106
happen,363
happened,191
happy,728
haptic,222
hard,1633
hardcore,89
hardware,2378
harem,12
harm,159
harmful,322
harmonic,171
harry,59
haruhi,4
harvard,31
hassle,172
hatch,9
hateful,15
hbm,32
hd,4316
hdfc,387
hdmi,2545
hdr,2017
hdr10,334
hdr400,1
head,2597
headache,41
headline,257
headlining,2
headphone,5043
headroom,110
headset,819
healing,43
health,4427
healthy,306
hear,897
heard,241
heardle,1
hearing,835
hears,11
heart,3319
heartbreak,7
heartfelt,87
hearthstone,1
heartthrob,2
heartwarming,55
heat,2958
heavier,315
heavily,278
heavy,1556
hedge,7
heft,68
height,450
heightening,51
helio,70
help,9449
helped,868
helpful,548
helping,643
helplines,72
heritage,93
hesitant,91
hey,559
heymelody,109
hi,43
hidden,990
hide,529
hideout,4
hiding,127
hidra,11
high,5229
higher,2077
highest,847
highlight,3525
highlighted,868
highlighting,487
highly,1370
hijacked,7
hiking,37
himeko,2
hina,2
hindered,20
hindering,23
hint,2175
hinted,157
hip,51
hipster,40
hire,127
hiring,288
hirotaka,6
history,1029
hit,1730
hitagi,2
hmd,308
hobby,131
hogwarts,9
hold,2286
holder,660
holding,656
hole,301
holi,145
hollow,75
homage,69
home,8225
hon,48
honda,9
honesty,39
honeycomb,9
hood,496
hope,501
hopeful,31
hoping,167
horine,1
horizon,364
horsepower,45
hose,95
hospitality,56
host,1169
hotapps,2
hotel,532
hotgames,2
hotkey,55
hotkeys,58
hotspot,147
hour,13583
hourly,61
house,2928
housed,121
housing,461
http,1171
huawei,1461
hub,795
hue,269
huge,548
hulu,46
hum,140
human,1314
humanoid,49
humidity,513
humorous,132
humour,111
hunting,194
hurricane,61
husband,117
hwd,1
hybrid,1157
hype,192
hyperbole,21
hyperlocal,16
hz,462
i7,266
i9,152
ians,30
ice,985
icerat,2
ichikawa,8
icici,1511
icing,159
icon,2899
iconic,714
id,3556
idea,908
ideal,2167
idealised,2
identification,339
identify,1022
identifying,284
identity,904
idol,24
igniting,7
ignore,91
ignoring,112
ikkoku,12
ill,19
illegal,312
illuminating,91
imacs,32
image,10203
imagery,198
imagination,57
imagine,462
immediate,465
immediately,808
immense,225
immensely,103
immersion,411
immersive,4787
impact,2495
impacted,375
impacting,199
imparting,2
impeccable,20
impedance,87
impede,7
impending,53
imperfection,86
impersonate,128
implement,225
implementation,316
implication,300
implies,93
imply,3
importance,600
important,4205
importantly,307
imposing,56
impress,779
impressed,494
impression,301
impressionistic,36
impressive,5297
impressively,207
improper,98
improve,2399
improved,5147
improvement,2472
improves,580
improving,520
impulse,39
imx,78
imx816,31
imx882,47
imx920,34
inability,98
inactive,80
inaugural,66
inbox,146
incensed,2
incentive,137
inception,98
inch,1881
incident,1066
include,7404
included,2099
includes,6468
including,11427
income,331
incoming,263
inconvenience,175
incorporate,462
incorporates,426
incorporating,263
incorporation,33
increase,2141
increased,1377
increasing,853
increasingly,646
incredible,532
incredibly,627
incremental,103
independently,153
index,390
india,17990
indian,4428
indiana,60
indicated,184
indicates,987
indicating,429
indicator,923
indirectly,10
individual,2370
individually,101
indoor,784
industry,2135
ineligible,323
infect,15
infected,55
infection,88
inference,12
infinix,2258
influencers,182
influential,64
inform,82
information,5872
informative,85
informed,657
informs,39
infostealers,2
ingres,46
inhabit,2
inhibition,3
initial,1026
initially,756
initiate,228
initiated,100
initiating,44
initiative,774
inject,117
injection,12
injects,15
innovate,89
innovating,34
innovation,1688
innovative,1973
input,2637
inquiry,133
inr,651
insecurity,8
insert,177
inside,1379
insider,565
insight,973
insignificant,22
insomnia,4
insomniac,11
inspiration,275
inspirational,12
inspired,475
inspires,48
inspiron,87
instability,461
instagram,4029
install,1030
installation,1086
installed,812
installing,281
installs,8
instalment,120
instance,1039
instant,2886
instantly,739
instead,1463
instigate,2
institute,125
instragram,2
instructed,108
instructing,4
instruction,471
instrument,620
insufficient,94
integrate,587
integrated,2121
integrates,847
integrating,480
integration,2082
intel,5450
intellect,11
intelligence,3133
intelligent,831
intense,860
intensifying,47
intensity,325
intentional,118
interact,754
interacted,16
interacting,165
interaction,1342
interactive,749
interconnected,49
interested,433
interesting,533
interface,2663
interference,145
interfering,19
interior,314
intermediary,102
internal,1623
internally,112
internals,196
international,1127
internet,2233
interpreter,108
interstellar,273
intertwine,2
intertwined,31
intervened,15
interview,500
intimidating,12
intimidation,5
intricate,287
intricately,312
intrigued,82
intriguing,165
introduce,1431
introduced,2701
introduces,1467
introducing,792
introduction,641
introductory,617
intrusive,74
intuitive,1474
inuyasha,32
inventory,252
inverted,28
inverter,2280
invest,589
invested,290
investigate,177
investigating,232
investigation,740
investing,318
investment,1273
invite,320
inviting,192
invoice,66
involve,223
involved,383
involvement,129
involves,352
involving,246
io,5192
iolite,23
iori,2
ip,1496
ip54,525
ip56,1
ip67,300
ip68,812
ip69,28
ipad,2413
iphone,19022
iphones,2239
ipo,80
ipx,23
ipx4,500
ipx5,595
iqoo,1047
ir,699
iran,90
irobot,4
iron,152
irrespective,63
isaki,4
island,848
iso,269
isolated,121
isolation,536
issue,6650
issued,819
italian,81
item,1897
iteration,379
itsuomi,6
jack,938
jaffer,1
james,107
janata,2
january,500
japan,539
japanese,509
jason,61
jasper,1
jasra,32
jassy,81
jay,16
jet,342
jio,1087
job,3609
john,123
join,1027
joined,404
joint,226
josh,426
joshi,10
journal,125
journalism,7
journalist,47
journey,1643
joy,664
joyous,84
jpmorgan,7
judge,265
juggling,75
juice,464
jumping,78
jun,10
juncture,13
june,2148
junior,19
justified,28
justifies,115
justify,278
kabakura,2
kaguya,4
kalimba,2
kamat,2
kamath,174
kanda,2
kaori,4
karaoke,115
karnataka,184
kaspersky,45
kazehaya,4
kedavra,29
keen,43
keeping,1344
kept,444
keqing,121
kernel,135
key,7353
keyboard,3924
keynote,170
kg,1119
khz,92
kick,280
kicked,102
kicking,16
kickstand,37
kid,855
kidding,15
killer,50
kimi,6
kind,686
king,308
kitagawa,6
kitsch,36
kiyoka,8
knob,100
knockout,22
know,2940
knowing,202
knowledge,315
known,3006
kodak,371
kokoro,2
korea,270
korean,515
kousei,6
koyanagi,2
koyomi,2
krafton,79
kudos,37
kumar,289
kuo,303
kuronuma,2
kyoto,5
kyouko,6
la,111
lab,397
label,370
labelled,211
laboratory,65
lack,1770
ladder,2
lag,1437
laggy,64
laid,316
laka,36
lake,693
lana,9
landscape,1159
language,2247
laptop,12160
large,3264
largely,378
larger,2472
largest,627
lasting,413
latch,5
late,542
latency,1430
later,3006
latest,9276
lauded,38
laughter,177
launch,12000
launched,6914
launching,1427
lavender,136
law,780
lawful,14
lawmaker,65
lawsuit,530
lay,244
layer,1676
layout,957
lcd,641
ldac,349
le,3546
lead,2266
leader,752
leadership,649
leading,2690
leak,1046
leakage,100
leaked,707
lean,140
leaned,4
leap,431
leaping,7
learn,649
learned,163
learning,1472
learns,88
leather,1028
leaving,584
lebron,59
led,4698
left,3098
legacy,701
legal,994
legend,530
legendary,256
legislation,116
legislative,12
legitimacy,163
legitimate,632
lends,72
length,408
lengthy,260
lens,3545
lesson,132
lest,7
let,4910
letter,1446
letterboxing,21
letting,284
level,6567
leverage,705
leveraging,356
levitt,18
lhdc,136
liability,37
library,944
licence,184
license,218
licensing,180
lick,11
lid,506
lie,335
life,10774
lifelike,355
lifestyle,625
lifewhen,1
lift,198
lifted,88
light,6447
lighter,598
lighthearted,46
lighting,1896
lightning,559
lightweight,1994
like,29564
likeable,35
liked,635
likely,3042
likened,42
liking,290
limit,1656
limitation,672
limited,2400
limiting,194
line,1742
lineup,3717
link,3442
linked,638
linkedin,723
linking,117
lint,20
lip,141
liquid,364
list,3239
listed,746
listen,558
listened,341
listener,239
listening,3570
listing,590
lit,288
lite,1315
literacy,64
literally,58
literary,7
little,3353
live,3439
lived,93
livestream,86
living,1225
llc,27
llm,249
lo,40
load,1382
loaded,378
loan,248
local,1401
locale,3
locally,218
locate,940
located,649
locating,78
location,2073
lock,1846
locking,171
lodge,9
log,960
logging,503
logi,112
logic,53
login,745
logins,62
logitech,820
logo,746
lok,136
lomography,216
lomomatic,324
loner,2
long,4113
longer,1816
longevity,254
look,9121
looked,492
looking,3636
looping,30
los,43
lose,275
loses,47
loss,1219
lossless,275
lost,1055
lot,2408
loud,1094
louver,6
lovable,2
love,1958
loved,318
lover,380
low,4030
lower,1579
loyal,37
loyalty,181
lpddr5x,575
lpto,18
ltpo,427
ltps,81
lucia,74
lucrative,36
luggage,102
lumos,346
lumosity,1
lying,78
m1,913
m16,233
m3,1109
m4,1218
m55,480
mac,2937
macbook,3331
machine,4041
macos,1683
macro,862
macrumors,119
mafuyu,6
magcase,33
magic,1844
magical,194
magnetic,701
magnified,32
magpower,91
magsafe,313
mah,1730
maharashtra,98
mahiru,2
mai,2
maid,32
mail,766
main,4288
mainland,83
mainline,80
mainly,170
mainstream,74
maintain,1695
maintaining,1412
maintains,629
maison,14
major,3725
majority,215
make,16788
maker,1757
making,9122
makoto,26
malay,1
male,275
malicious,555
malvertising,6
malware,425
man,625
manage,1803
manageable,53
managed,1359
management,1581
manager,788
manages,496
managing,1163
mandate,193
manga,96
mangaka,2
manipulate,63
manipulated,63
manipulating,18
manner,77
manual,588
manually,488
manufacture,122
manufactured,111
manufacturer,1369
map,1856
marble,200
march,849
marched,33
margin,168
marginal,9
marin,2
mark,2310
marked,270
market,7868
marketing,735
marking,320
marriage,165
married,120
marvel,263
mascot,7
mass,385
massive,780
master,1549
masterfully,13
mastery,13
match,1766
matching,194
matchmaker,4
mate,84
matebook,7
material,1660
math,204
matte,1261
matter,1006
matthew,31
mature,74
max,6558
maximise,177
maximum,1138
maxochill,6
maybe,578
mbps,58
mc6,18
mccaul,17
mckinsey,9
mclaren,15
md,252
md300,2
mean,3864
meaningful,372
meant,265
measure,1772
measurement,239
measuring,288
mechanism,624
mechatronics,2
meddling,2
mediaeval,24
mediatek,1554
medical,518
medium,7445
meet,1636
meeting,1197
megapixels,130
meiji,2
melodiesapart,2
melodramatic,2
melody,128
member,1623
memo,188
memorable,215
memory,2337
mental,358
mention,881
mentioned,1333
menu,2390
mercenary,28
merchant,99
mere,227
merged,61
merger,82
merging,45
merit,15
mesh,378
message,5579
messaging,1220
messenger,461
messina,5
met,267
meta,3168
metal,1679
metaphorically,21
meteorological,30
meter,562
method,1638
meticulous,94
meticulously,356
metre,433
metric,689
miami,37
mic,837
michael,154
micro,233
microclimate,1
microphone,2966
microsd,739
microsoft,6401
microwave,213
mics,287
midjourney,21
midnight,677
midrange,134
mids,617
mighty,65
migraine,27
mihoyo,37
mile,93
milestone,362
military,376
millenial,36
millennial,72
million,4632
mind,1597
mini,2759
minimal,1450
minimalist,479
minimise,334
minimum,367
minister,625
ministry,532
minor,1049
minute,5187
minutecast,1
mirror,510
misaki,4
mishap,45
misinformation,152
misplace,61
misplaced,190
miss,765
missed,464
missing,353
mission,562
mistaken,19
mistreatment,2
misunderstanding,59
misuse,276
misuzu,2
mithilesh,2
mitigate,253
mitigation,46
mivi,190
mix,1112
mixed,528
mixing,119
miyazono,2
miyo,12
miyuki,4
mm,1510
mobile,5431
mochibits,1
mode,17624
model,17883
moderate,407
moderately,30
modern,1893
modest,130
modi,378
modified,216
modifies,10
modify,135
modifying,54
modulating,15
modulation,22
module,926
moment,1762
momentum,1302
momose,2
monday,181
monetary,72
money,2460
moneycontrol,72
moniker,17
monitor,4808
monitoring,1931
monogatari,4
monster,182
month,4724
monthly,468
monument,9
mood,193
moolah,21
moon,572
moreapple,21
morgan,31
mortal,8
mosquito,25
mosseri,44
mother,322
motherboard,250
motif,311
motion,1171
motivating,14
motivation,145
moto,3372
motor,1108
motorcycle,45
motorola,1900
motw,6
mould,158
mount,333
mountain,373
mountainous,1
mounting,303
mouse,1470
moved,329
movement,661
movie,3161
moving,632
mow,6
mtia,9
muhammad,23
mujoco,2
multimodal,113
multiplayer,320
multiple,6172
multitasking,1290
multitude,30
munch,1
murder,108
museum,49
music,9234
musician,72
musk,1543
musketeer,29
mute,252
muted,123
mutual,83
mx,370
myanimelist,268
mysterious,163
mystery,179
myth,60
n2m4v6c8x1z3q5p7,2
nadu,119
nagisa,4
nailed,78
naked,13
named,974
naming,240
namo,5
nana,10
narendra,150
narrative,434
narrower,23
narumi,6
narzo,388
nasa,46
nation,265
national,965
native,392
natural,1943
nature,699
navigate,2198
navigates,78
navigating,610
navigation,1228
near,745
nearby,239
nearest,198
nearing,61
nearly,1703
necessary,1368
neck,207
neckband,216
need,10104
needed,1170
negative,334
negligible,47
neo,996
nerivio,15
nerve,11
nest,47
net,727
netapp,15
netease,27
netflix,2020
network,2510
neural,950
neuromodulation,3
neuronation,2
new,38440
newer,653
newest,256
newfound,87
newly,466
news,1599
newsletter,202
nexrad,1
nhk,1
ni,6
nice,1370
nicely,15
niche,262
nicobar,2
nifty,187
nifuji,2
night,2571
nightography,87
nikhil,121
nima,18
nit,2753
noaa,2
nod,96
noise,11067
noisefit,119
noisy,456
nokia,259
nonchalance,21
noon,89
nord,4792
norm,105
normal,717
north,275
nostalgia,136
notable,1154
notably,468
notch,465
note,5378
noted,1414
notice,1474
noticeable,1106
noticed,826
notification,2637
notified,207
notifies,100
notify,377
notifying,60
noting,438
notorious,56
novel,74
novelty,152
november,614
nso,6
nuance,251
nude,65
nudity,55
number,6250
numbering,39
numeracy,1
numerous,395
nutrition,36
nutshell,108
nvidia,1229
nw,1
nylon,20
nyt,3
oasis,56
object,1202
objective,285
obscure,37
observatory,17
observer,22
obstacle,305
obstructing,45
obtain,313
obtaining,124
obviously,113
occasional,456
occupies,121
occur,218
occurred,171
ocean,212
oceanic,1
october,2131
odds,60
odyssey,139
offence,73
offender,14
offer,35956
offered,3189
offering,8943
office,1913
officer,492
official,4537
officially,696
offline,1826
ofinfostealer,2
oh,128
ois,1239
ojiro,2
okazaki,2
ola,387
old,1847
older,1352
olderflagship,1
oled,3692
olive,138
oltp,1
omni,156
onboard,444
oneplus,11367
oneui,79
ongoing,960
online,6481
onset,71
ontap,1
onward,9
onwards,458
oogle,1
ooze,36
op,34
open,7663
openai,1105
opened,470
opening,903
operate,548
operated,91
operates,398
operating,3302
operation,2216
operational,239
oppo,2246
opponent,94
opportunity,2830
opposite,156
opt,403
optical,1970
optimal,1349
optimisation,261
optimise,797
optimised,1036
optimistic,37
optimization,420
optimized,140
optimizer,73
option,16677
optional,544
optionally,22
orange,539
order,1414
ordered,312
ordinary,43
ore,230
organic,69
organisation,495
organise,191
organised,327
organization,271
orient,16
origin,495
original,2555
originate,8
ornament,11
otaku,20
oura,218
ouran,4
outcome,133
outdated,224
outdoor,1269
outdoors,366
outfit,183
outgoing,61
outgrown,2
outlet,479
outline,222
outlined,181
outlook,131
outmaneuver,2
outperform,76
output,3150
outputting,8
outside,1134
outstanding,336
overall,5533
overcome,167
overcurrent,46
overdrop,2
overexposed,36
overhaul,264
overlay,153
overload,83
overlook,12
overly,94
overpowering,80
oversaturated,27
oversaturation,50
oversees,5
overturned,20
overused,2
overview,298
overvoltage,14
overwatch,43
overwhelming,431
owji,15
owned,211
owner,557
owning,52
oxide,39
oxygen,645
p1,189
p3,39
pa,107
pace,534
pacific,45
pacing,61
pack,2954
package,1272
packaging,369
packed,693
pad,1761
page,1940
paid,588
pain,312
painful,84
paint,522
painting,63
pair,2878
paired,2109
pairing,1460
pak,111
pale,36
palette,196
pallium,3
palm,428
pan,483
pane,44
panel,3395
panning,47
panorama,75
panoramic,46
pantone,148
paper,705
paperwork,12
par,199
paradigm,79
paragliders,1
paragraph,79
parameter,124
paramount,83
parasite,1
parent,804
parking,140
parliamentary,6
parody,33
partake,26
participant,848
participate,504
participation,181
particular,558
particularly,2746
partner,1407
partnership,1014
party,1538
pas,748
passable,41
passed,269
passion,249
passionate,167
passive,223
passkey,558
password,2699
past,1278
patankar,2
patch,648
patchwork,52
pathak,23
patience,82
patrol,2
pattern,1120
pause,664
pausing,41
pave,40
pay,2281
payal,2
paying,444
payment,2988
pc,7103
pd3225u,5
pdaf,63
pdar,16
pdf,356
peace,488
peaceful,88
peach,274
peacock,27
peak,2525
pearl,91
peculiar,12
peek,122
pegasus,33
pei,162
pen,416
penalty,187
pending,89
penthouse,7
people,4850
perceive,26
percentage,221
perfect,2443
perfection,129
perfectly,594
perform,860
performance,18188
performed,505
performer,257
performs,354
period,1746
peripheral,82
periscope,158
perk,570
permanent,209
permanently,117
permit,93
permutation,3
perpetrating,2
persistent,136
persists,50
person,1798
personal,3221
personalise,461
personalised,1429
personality,288
personalized,421
personally,105
personnel,122
perspective,518
pet,404
petty,13
pharmaceutical,20
phase,682
phenomenon,104
phil,43
philip,1181
philipsmarketing,20
philosophy,229
phishing,505
phone,24462
phonics,11
photo,10136
photography,1791
photoshop,233
physic,99
physical,1211
piano,63
pichai,530
picking,108
picture,2909
piece,957
pillar,16
pilot,122
pink,776
pinnacle,22
pinpoint,35
pinpointing,2
pipeline,73
piste,1
pitch,135
pivotal,138
pixel,10953
pixelated,43
pizza,117
place,3001
placed,2227
placement,475
placing,251
plagued,57
plan,4205
planned,274
planning,1570
plastic,2218
plate,417
platform,10637
play,5281
playback,3369
played,638
player,9126
playing,2260
playtime,1395
pleasant,254
pleasantly,51
pleased,68
pleasing,229
plenty,1028
plethora,219
plex,16
plot,128
plug,694
plugged,330
plugging,53
plus,6408
pm,1336
pocket,1050
poet,24
poignant,16
point,4710
pointed,207
pointer,83
pokémon,291
polaroid,132
poled,167
police,897
policy,1205
polished,491
political,284
politician,24
poll,272
polycarbonate,141
polycrystalline,16
pool,219
poor,419
poorly,179
pop,905
popular,4231
popularity,1067
port,7519
portability,462
portable,2166
portal,934
portfolio,1286
portion,350
portrait,1787
portray,34
portrayal,100
portraying,64
portrays,10
portronics,688
pose,392
posed,75
posing,215
position,1510
positioned,517
positioning,368
posse,108
possibility,643
possible,1254
possibly,263
post,6022
posted,551
poster,88
posting,268
pot,74
potential,3702
potentialjob,1
potentially,2021
pounding,14
power,11029
powered,5909
powerful,5031
powerhouse,337
powering,101
ppi,249
practical,695
practicality,72
practice,1327
pradeep,37
pradesh,139
precious,97
precipitation,27
precise,1050
precision,269
preconception,36
predatory,23
predecessor,2773
predict,158
predicted,160
prediction,129
predicts,136
predominantly,14
preemptive,18
prefer,927
preference,1544
preferred,580
preferring,87
premier,238
premiere,114
premium,7056
prepare,250
prepared,235
preparing,244
prepopulated,1
presence,857
present,1426
presentation,372
presented,293
presenting,149
presently,106
preservation,30
preserve,87
preset,368
president,1080
press,1875
pressing,272
pressure,1030
presumably,15
pretending,57
pretty,1868
prevalence,30
prevalent,122
prevent,1879
preventing,522
prevention,102
preventive,71
prevents,247
preview,823
previous,2917
previously,1362
prey,112
price,21324
priced,5809
pricier,130
pricing,1160
primarily,674
primary,2152
prime,2558
print,753
prior,261
prioritise,675
prioritises,258
prioritising,94
prioritizes,109
prison,62
privacy,2420
private,1013
privilege,122
privileged,27
privitelli,48
pro,28546
proactive,251
proart,46
probability,40
probably,532
problem,2021
procedure,161
proceed,298
process,5268
processed,186
processing,2224
processor,7819
prodigy,8
produce,807
produced,346
producing,287
product,9368
production,1317
productive,340
productivity,1496
prof,185
professional,2696
proficiency,40
profile,2850
profit,266
profound,89
program,1626
progress,759
progression,212
project,1458
projected,160
projector,569
prominent,434
promise,5841
promised,482
promising,1255
promote,278
promoted,98
promoter,20
promoting,386
promotion,540
promotional,278
prompt,1054
prompted,338
prompting,255
prone,309
pronounced,261
proof,526
prop,113
propel,18
proper,716
properly,438
property,247
proposal,133
proposed,218
proposes,17
proposition,272
proprietary,515
prospect,118
prospective,19
protagonist,439
protect,1662
protected,646
protecting,339
protection,2711
protective,103
protruding,94
prove,101
proved,222
provide,5730
provided,1879
provider,741
provides,5180
providing,4088
proving,61
provision,119
proxdr,116
proximity,157
proxy,26
ps4,131
ps5,596
ptron,60
pty,1
pu,116
public,2569
publicizing,2
published,175
publisher,158
publishing,88
pull,319
pulled,115
punch,545
punchy,431
punctuated,22
purchase,3913
purchased,1650
purchasing,476
pure,255
purple,413
purpose,687
pursuit,177
push,541
pushed,291
pushing,335
putting,460
puzzle,2938
pve,18
q1,458
q1w8e5r2t9y6u3i7,1
q2,197
q2w5e8t3s6u9i4o7,5
q3w6e9r2t5y8u1i4,5
q500,98
q6w3e8r5t2y9u4i7,5
q7w4e1r8t5y2u6i9,5
q9w6e3r8t1y4u7i2,6
qhd,149
qr,377
quad,1508
qualcomm,3388
qualification,123
qualify,377
quality,10020
quantified,7
quarter,962
queen,175
quest,699
question,1509
questioned,95
quick,4735
quickly,3117
quid,24
quieter,232
quietly,65
quirk,369
quirky,184
quite,2187
quits,10
quordle,1
quoted,153
qvga,17
r16,14
r16paired,1
r2,409
r865usqu1hxb7,2
r875usqu1hxb7,2
r885usqu1hxb7,2
r895usqu1hxb7,2
r905usqu1bxb7,2
r915usqu1bxb7,2
r925usqu1bxb7,2
rabbit,194
rabenseifner,1
racing,464
radar,49
radiator,206
radio,568
rail,325
rain,454
rainbow,33
rainfall,29
rainfallradar,1
rainy,77
raised,647
raising,216
rajeev,26
ram,5049
ramp,89
ramping,69
ran,472
random,206
range,7604
ranger,4
ranging,748
ranjan,9
ranjeet,4
ranking,150
ranma,8
rant,26
rare,387
rarely,277
rarity,132
rascal,4
rate,8348
rating,6110
ratio,1096
raw,546
ray,232
reach,1892
reachable,4
reached,376
reaching,714
reacted,174
reaction,632
read,5365
readable,56
reader,378
readerpro,1
readily,167
readiness,134
reading,656
ready,1680
readying,24
real,2406
realfeel,2
realise,123
realised,132
realistic,398
reality,997
really,2138
realm,375
realme,7000
reap,7
rear,4073
reason,1136
reasonable,353
reasoning,150
reboot,130
rebranded,121
recall,982
receipt,269
receive,2796
received,1702
receiver,89
receives,163
receiving,631
recent,2609
recently,3329
reception,147
recharge,536
rechargeable,287
recharges,212
recipe,285
recipient,367
reckoned,2
recognise,164
recognised,92
recognition,1084
recollection,38
recommendation,781
recommended,639
recommending,21
reconsider,50
record,1839
recorded,321
recording,2300
recovering,98
recreate,49
recreated,44
recreating,12
recreation,6
recruit,55
rectangular,376
recurrence,10
recycled,654
red,1787
reddy,18
redeem,2708
redeemed,499
redeeming,486
redefine,276
redefining,43
redemption,3629
redesign,213
redesigned,982
rediscover,41
redressal,43
reduce,2468
reduced,1281
reducing,1536
reduction,1109
reel,287
refer,88
reference,602
referring,91
refine,240
refined,668
refinement,205
refining,232
reflect,246
reflection,279
reflects,432
reflex,127
refresh,5295
refreshes,159
refreshing,295
refreshingly,10
refrigerator,1555
refused,81
regain,209
regard,80
regarded,64
regarding,664
regardless,190
region,1016
regional,183
register,514
registered,1169
regret,66
regular,2224
regularly,896
regulated,58
regulation,502
regulator,441
regulatory,434
reignited,47
reignites,3
reinforcement,39
rejecting,22
rejection,204
relame,66
relate,25
related,1135
relationship,410
relatively,1003
relaunch,28
relaunched,7
relaunching,2
relaxation,138
release,3439
released,1604
releasing,170
relevant,895
reliability,402
reliable,1547
reliance,929
relic,97
relief,230
relies,149
rely,502
relying,204
remain,2018
remained,547
remaining,538
remains,2702
remake,77
remark,78
remarkable,492
remarkably,116
remastered,40
remastering,29
remember,898
reminder,643
reminds,18
reminisce,2
remix,35
remixed,30
remixes,28
remote,2575
removable,135
removal,583
remove,2045
removed,759
removing,664
ren,17
rename,105
render,223
rendering,370
renew,38
renewed,57
renowned,670
repair,457
repairing,13
repay,36
repeat,85
repeated,479
repetitive,84
replace,700
replaced,280
replacement,634
replacing,508
replenishing,11
replicate,53
replicates,58
reply,637
replying,84
report,9969
reported,1817
reportedly,2949
reporting,397
represent,191
representation,59
representative,550
representing,183
represents,4543
reproduce,81
reproducing,13
reproduction,548
republican,39
request,1517
requested,180
requesting,92
require,1164
required,1195
requirement,1141
requires,1148
requiring,488
rescue,87
research,1119
researcher,381
resemble,24
reserved,167
reset,670
residence,35
resignation,158
resist,38
resistance,1966
resistant,1339
resists,2
resolution,4766
resolve,342
resonate,143
resonates,156
resort,87
resource,760
respectable,198
respectful,27
respective,108
respectively,814
respond,449
responds,121
response,2632
responsibility,246
responsible,375
responsive,1396
rest,872
restart,301
restaurant,451
resting,60
restoration,44
restriclted,1
restricted,260
restriction,610
restrictive,23
restricts,111
result,3111
resulted,217
resulting,779
resume,319
retail,1947
retailer,613
retain,267
retained,127
retaining,191
retains,490
retention,53
retina,453
reto,36
retract,8
retro,322
return,1363
returned,165
returning,85
reusable,44
reuters,395
reveal,994
revealed,1882
revealing,373
reveals,575
revenue,770
reverse,482
review,2779
reviewed,325
reviewing,181
revision,75
revive,69
revocation,23
revoked,5
revoking,10
revolution,154
revolutionises,49
revolutionize,64
revolved,2
revolves,136
reward,7794
rewrite,58
rey,4
rgb,910
rhapsody,42
rich,1438
ridicule,5
rig,90
right,6703
rikka,4
rilide,2
ring,3533
rinko,18
rip,48
rise,659
rishi,27
risk,1811
ritsuka,4
rms,248
road,840
roadblock,37
roadeye,42
roaming,223
roaring,35
robot,1513
robotic,288
robotics,140
robust,1456
rock,660
rocker,303
rockstar,380
rog,893
rogue,74
role,1488
roll,814
rolled,737
rolling,1053
rollout,507
romance,175
romantic,92
roof,63
room,3470
roomba,1
roommate,1
root,476
rooted,21
rose,414
rotatable,42
rotate,199
rotating,225
rotation,118
rotten,11
roughly,248
round,871
rounded,466
route,322
rovere,10
royale,897
royalty,31
rpg,151
rs117,1
rta,1
rtx,686
rtx4080,1
rugged,411
rule,800
rumored,177
rumour,1036
rumoured,1334
run,4888
running,3222
runtime,205
rupee,159
rv,7
ryuji,4
s21,40
s22,131
s23,232
s24,1165
s6,24
s8,28
saarthi,6
saas,15
saatchi,1
sabha,140
sachs,38
sacrificing,218
sadako,2
safari,340
safe,838
safeguard,425
safeguarding,286
safety,1570
saga,212
said,12307
sakura,18
sakurajima,5
sakurasou,4
sakuta,4
salary,270
sale,6332
salvage,5
sama,9
sameet,1
samsung,8706
san,196
sanction,66
sand,168
sandbox,64
sandisk,34
sandwich,77
santos,9
sapphire,180
sassy,69
satellite,471
satisfactorily,92
satisfactory,636
satisfied,147
satisfying,718
satisfyingly,21
saturation,461
save,2361
saved,611
saving,1932
savour,40
saw,520
sawako,4
say,4210
saying,755
sbb,1
sbc,267
sbi,800
scalability,40
scale,445
scam,1995
scammer,793
scan,439
scarce,188
scarecrow,5
scarlet,7
scattered,17
scenario,713
scene,1376
scenic,15
schedule,724
scheduled,556
scheduling,106
school,659
schulte,1
science,398
scope,86
score,869
scored,42
scratch,404
screech,36
screen,14153
screenshot,566
screenshots,593
screw,110
scripted,2
scroll,652
scrolling,683
scrutiny,168
sd,366
se,1310
seamless,2948
seamlessly,1353
search,4753
searching,242
season,921
seat,294
seattle,74
sec,71
secluded,4
second,3257
secondary,528
secondly,41
secret,837
secretary,73
secretive,9
section,2819
sector,682
secure,2552
secured,265
security,7285
seek,394
seeking,2179
seemingly,107
seen,2373
segment,2046
seinen,4
select,5862
selected,507
selecting,908
selection,801
selfie,1111
selig,8
sell,343
seller,319
selling,1125
senate,27
send,2025
sender,228
sending,660
senior,565
senjougahara,6
senpai,4
sensation,122
sense,991
sensitive,1356
sensitivity,349
sensor,8477
sensory,57
sent,877
sentence,62
sentiment,203
separate,1000
separation,196
seperate,11
september,3505
sequel,174
sequence,507
sequencing,7
serf,533
serial,55
series,19390
seriously,196
server,830
service,7247
serviceability,1
serviceable,88
serving,217
session,1714
set,8740
setting,9516
settlement,187
setup,5405
seven,525
severe,234
severity,154
sexual,221
sexually,53
shade,422
shadow,577
shaka,46
shake,256
shakiness,2
shall,89
shape,704
share,4615
shared,3457
sharing,2138
sharp,1582
sharpen,26
sharpness,498
sheer,41
sheeran,3
shell,116
shelter,15
shenanigan,29
shield,411
shift,1271
shikimori,4
shine,1021
shiny,362
ship,412
shipment,919
shipped,214
shirt,70
shocking,40
shojo,2
shonen,38
shoot,423
shooter,677
shooting,692
shop,427
short,1359
shortcoming,218
shortcut,1581
shortly,216
shot,2589
shoujo,2
shoulder,85
shounen,2
shouta,2
shoutout,24
showcase,875
showcased,328
showcasing,437
showed,399
showering,42
showing,1020
shown,214
shrouded,12
shutter,965
shutting,47
shy,16
sibling,137
sidekick,43
sidelining,1
siege,29
sight,212
sign,2400
signal,1165
signature,1583
significant,5426
significantly,2253
signify,26
signifying,32
silicon,315
silicone,520
silver,1468
sim,1344
simcity,57
similar,3714
similarity,107
similarly,363
simple,2760
simpler,171
simplified,177
simplifying,186
simply,1945
simulation,145
simultaneously,746
sing,108
singer,91
singh,595
single,4956
sisal,1
site,825
sits,244
sitting,257
situated,27
situation,1165
size,4695
ski,67
skill,1422
skillfully,8
skin,1812
skip,377
skipped,77
skydiver,1
slashing,58
slated,239
sleek,2959
sleep,3822
sleeping,269
slew,24
sliding,114
slight,603
slightest,33
slightly,2048
slim,1363
slimmer,360
slip,277
slipped,37
slippery,128
slipping,55
slot,1285
slouch,144
slow,630
slowdown,346
slower,169
slowing,133
slowly,188
slung,36
small,2695
smaller,1123
smallest,138
smart,12646
smartchill,6
smartphone,15898
smartphones,4465
smartscreen,6
smartwatch,6569
smartwatches,937
smile,587
smood,1
smooth,4925
smoothen,54
smoother,733
smoothly,737
snap,687
snapdragon,4547
snapped,15
snappy,243
snapshot,305
sneak,97
snow,78
snowfall,4
snr,47
snug,247
soaked,2
soared,52
soc,578
soccer,230
social,5962
socrates,1
soft,1135
softer,176
softness,53
software,6377
solace,42
solar,181
sold,573
sole,52
solely,115
solicitation,6
solid,1884
solo,1193
solution,2645
solve,984
somewhat,637
song,2210
songwriter,42
sony,5321
soon,1961
sophisticated,628
sora,32
sorata,6
sort,567
sorta,11
sorted,84
sought,148
souma,2
soumas,2
sound,15741
soundbar,2902
soundbars,1025
sounddrum,31
sounddrum1,31
sounded,348
soundstage,500
source,1923
sourced,46
south,903
space,3745
spacious,234
spam,356
spamming,7
spanish,109
spanning,172
spare,204
sparingly,43
spark,79
sparked,343
sparking,81
spatial,2037
spdif,1
speaker,12645
speaking,300
spec,1273
special,3371
specialised,162
specially,159
specific,3607
specifically,891
specification,2592
specified,534
spectrum,386
speculated,194
speculation,315
speed,3804
spelling,154
spencer,46
spend,479
spending,439
spent,473
sphere,180
spill,225
spirit,289
splash,898
split,1590
spo2,536
spoil,6
spoke,88
spokesperson,571
sponsor,25
sport,5356
spot,1106
spotify,491
spotted,298
sprawling,34
spray,59
spread,397
spreadsheet,227
spring,299
spyware,94
sq,134
squabble,1
square,828
squarely,9
squeal,11
squint,49
sr,24
sridhar,24
srini,1
srinivas,11
srivastava,4
ssd,1443
stabilisation,608
stability,531
stabilization,265
stable,891
stage,800
stagnant,44
stakeholder,129
stance,249
stand,2845
standard,3382
standby,440
standing,212
standout,1351
stanford,34
stanley,30
staple,124
stapler,2
star,3633
starcraft,5
starlight,211
start,6367
started,2093
starter,123
starting,5361
startup,819
starvis,28
state,1555
stated,775
statement,1196
static,152
stating,471
station,727
statistic,80
stature,40
status,2094
stay,2708
staying,297
steadfast,5
steadily,86
steady,306
steal,388
stealing,58
stealth,389
steer,50
stefanik,14
stefano,2
stem,1100
step,6164
stepfamily,2
stephen,21
stepping,107
stereo,1726
sternly,1
stick,1700
sticker,1972
sticky,68
stiletto,15
stimulation,4
sting,27
stinging,21
stirred,11
stock,785
stole,42
stolen,491
stone,486
stood,157
stop,1076
stopped,218
stopwatch,54
storage,5819
store,5842
stored,501
storing,158
storm,600
stormy,1
story,2584
storytelling,146
straddle,29
straightforward,975
strain,386
strap,915
strategic,1116
strategize,302
strategy,1425
streak,59
stream,880
streamer,84
streaming,2617
streamline,399
streamlined,617
streamlines,133
streamlining,152
street,692
strength,917
strengthening,114
stress,711
stretch,230
stretching,120
strict,179
strictly,71
strike,525
striking,497
stringent,81
striped,50
striving,99
strong,2532
stronger,323
strongly,161
structure,394
structured,66
struggle,887
struggled,198
student,913
studio,1880
study,403
stuff,388
stumbled,72
stunning,1814
sturdy,821
stutter,294
stuttering,176
style,2087
styled,36
stylish,1109
subject,901
subjected,28
submarine,49
submersion,20
submit,698
submitting,90
subscriber,511
subscription,1875
subsequent,204
substantial,1091
subtitle,33
subtle,726
subway,131
subwoofer,1127
succeed,252
succeeding,61
succeeds,175
success,1040
successful,1155
successfully,1295
successor,316
sudden,275
suddenly,134
suffering,21
sufficient,615
suggest,1386
suggested,682
suggesting,509
suggestion,325
suggests,1494
suit,1261
suitable,1207
suite,738
summarise,260
summarised,67
summarising,81
summary,634
summer,1014
sundar,280
sunlight,734
sunny,110
sunrise,130
sunset,247
sunshine,247
super,2586
superb,54
supercomputing,25
supercut,48
superhdr,29
superintendent,5
superior,1016
supermoon,12
supernatural,76
supervooc,445
supplement,34
supplier,278
supply,693
support,18903
supported,908
supporting,761
supposed,331
suppress,159
sure,1599
surface,2016
surfaced,292
surfer,91
surpasses,45
surprise,342
surprised,206
surprising,204
surprisingly,438
surreal,39
surround,1257
surrounded,223
surrounding,722
surroundings,835
survival,133
suspect,163
suspected,95
suspecting,15
suspended,106
suspension,171
sustainability,350
sustainable,155
sustained,160
sweat,921
sweet,338
swift,495
swifties,4
swimming,176
swipe,654
swiping,273
swiss,333
switch,3315
switched,280
switching,999
switzerland,33
sword,271
symbol,252
symbolizing,3
symptom,205
sync,501
synchronised,100
synchronises,78
syndrome,35
sza,1
t110,163
t6r8e1w3q5z7x9v2,2
tab,2009
tab4228,160
table,707
tablet,1964
tackle,209
tackling,87
tactic,463
tactile,431
tactility,40
tad,79
tag,2983
tagline,41
taichi,2
taiga,6
tail,69
tailor,282
tailored,876
takahashi,12
takanashi,2
taken,1479
takeo,6
taking,1727
takumi,4
talabat,1
tale,374
talented,31
talk,1734
talked,144
talking,615
tall,216
tamil,140
tamper,46
tampering,36
tank,564
tantalising,57
tantrum,13
tap,7714
tapping,1301
taptic,20
target,864
targeted,444
targeting,419
tarou,4
task,4532
taste,205
taught,24
tax3206,20
tax5206,20
tax5708,20
taxiphone,1
taylor,101
teach,37
teaching,42
team,3623
teampixel,1
tear,422
tearing,154
teased,437
teaser,509
tech,3824
techcrunch,76
technical,751
technique,372
technological,276
technology,14823
tekken,65
telangana,59
telecom,834
telecommunication,192
telegram,2424
telephoto,1626
tell,685
telling,60
temper,23
temperature,3997
tempo,3
temporarily,175
temporary,474
tendency,30
tenderness,2
tension,203
tenth,40
terabyte,15
term,2855
ternus,29
territory,121
terrorism,49
tessen,1
test,2303
testament,305
tested,899
tester,409
testing,2207
tethered,40
text,3509
texture,529
tf,201
tft,66
tfts,18
thankfully,160
thanks,1655
theatre,1171
theft,614
theme,654
themed,82
theming,41
thermal,763
thermally,29
thierry,48
thing,5674
think,2109
thinking,292
thirty,22
thorough,265
thought,651
thoughtful,337
thousand,470
thread,657
threat,851
threatening,76
threw,163
thrill,188
thrilling,605
throttle,97
throttling,40
throw,367
thrown,63
thrust,60
thumb,198
thumbnail,113
thump,230
thunderbolt,467
tib,3
tick,164
ticket,1194
tidier,29
tied,143
tier,287
tiger,198
tighten,31
tiktok,1306
tile,238
till,415
tilt,348
tim,265
time,16450
timelapse,56
timeless,162
timeline,516
timer,437
timetable,14
timing,233
tinplate,11
tiny,334
tip,2869
tipped,285
titan,274
titanium,1630
title,2149
today,5590
todoke,6
toe,110
togashi,5
toggle,609
toggled,46
toi,91
tokyo,92
told,943
tom,123
tomo,8
tomorrow,234
tomoya,4
tone,1177
tonikawa,6
took,1706
tool,4816
tooltips,6
tooru,2
topaz,31
topic,304
topographic,8
topped,294
toradora,4
tortured,22
tossing,1
total,2037
touch,4982
touching,84
touchscreen,757
tough,574
tougher,87
tour,227
tourism,46
tow,27
tower,541
towering,6
toxin,5
tpm,54
tpv,129
tracing,162
track,2761
tracker,392
tracking,3092
trackpad,744
traction,324
trade,625
trading,656
traditional,1638
traditionally,110
traffic,582
trai,253
trail,248
trailer,619
train,809
trained,119
trainer,80
training,900
trajectory,64
transaction,3369
transcends,78
transcribed,42
transfer,1709
transferred,249
transferring,278
transformation,259
transformative,130
transformed,165
transistor,43
transit,73
transition,907
transitioning,90
translate,791
translated,153
translates,368
translation,723
translucent,59
transmission,243
transparency,1151
transparent,806
transpired,36
transport,336
transported,87
trap,67
travel,1720
traveler,136
traveller,123
travelling,433
tray,513
treasure,94
treat,382
treating,13
treatment,350
treble,900
tree,499
trend,920
trendsetting,12
trial,249
trialing,12
triangle,81
trick,735
tricked,12
tried,1027
trigger,318
trinity,33
trio,170
trip,669
triple,1177
tripod,131
trope,36
tropical,40
trouble,218
troubled,25
trove,71
true,6541
truke,85
truly,1176
trump,387
trust,490
trusted,340
try,1216
trying,902
tsukasa,4
tuesday,145
tune,601
tuned,645
tuning,428
tunnel,21
turke,14
turn,2614
turned,899
turning,631
tutor,14
tv,15353
tweak,587
tweet,89
twin,82
twist,383
twitter,1610
tws,5368
type,3176
typical,705
typically,1242
typing,897
uber,242
uefn,2
uhd,270
uhf,24
ui,1865
uji,3
uk,397
ultimate,770
ultimately,349
ultra,9133
ultramax,72
ultrawide,854
umbrella,95
umg,55
unable,354
unacceptable,38
unamused,22
unanswered,10
unarchiving,1
unauthorised,657
unauthorized,173
unaware,352
unblur,98
unbox,177
unboxing,121
uncapped,1
uncertainty,94
unclear,292
uncomfortable,313
unconventional,113
uncover,349
uncovered,56
undeniably,93
underground,15
underlying,182
undermine,30
underscored,33
underscoring,59
understand,895
understanding,759
undervolting,2
underwater,91
undeterred,1
undistorted,2
undoubtedly,283
unedited,44
unesco,15
unethical,23
unexpected,365
unfair,79
unfamiliar,159
unfavourable,1
unfolded,180
unfolds,103
unforgettable,68
unfortunately,101
unhappy,48
unicorn,160
unified,329
uniformity,23
unimaginable,26
uninstall,284
uninstalled,183
uninterrupted,551
union,797
unique,3999
uniquely,53
unisoc,140
unit,4727
united,407
universal,453
universe,667
university,256
unknown,493
unleash,104
unless,276
unlike,765
unlock,1953
unlocked,206
unlocking,398
unmatched,368
unmistakable,36
unnecessary,486
unofficial,70
unpacked,431
unparalleled,557
unplugged,106
unprecedented,147
unravels,11
unreal,22
unrealistic,55
unregulated,5
unresolved,20
unsolicited,246
unstable,32
unsuspecting,204
untidy,14
unused,132
unusual,287
unveil,1059
unveiled,1380
unveils,76
unwanted,504
unworkable,1
upcoming,4379
update,12065
updated,2023
updating,289
upgradability,3
upgradation,1
upgrade,3969
upgraded,909
upgrading,590
uplift,55
upload,521
uploaded,268
upper,311
uppercase,327
uproariously,2
upset,52
uptake,7
uptick,36
uptight,2
upto,76
upward,65
urban,279
urc,2
urged,191
urgency,574
urging,177
url,298
urusei,2
usable,191
usage,2665
usb,4392
usd,84
use,16519
used,7604
useful,1307
user,42612
usernames,50
usfda,3
using,12627
usual,470
usually,979
usui,2
utilise,471
utilize,119
utilizes,70
utilizing,89
uv,23
ux8406ma,2
v1,78
v29,50
v30,501
vacation,111
vacuum,1844
valhalla,19
valid,556
validation,119
validity,269
valuable,829
value,2215
vanilla,428
vantage,7
vapor,123
vapour,113
variable,690
variant,3501
variation,119
variety,1390
various,6639
varying,215
vase,2
vast,582
vastly,4
vault,130
vc,52
vcs,44
vegan,617
vehicle,1292
velocity,87
vending,10
vendor,396
vent,500
venture,325
ventured,34
venturing,76
verdict,2304
verge,314
verification,803
verified,476
veriied,3
versa,66
versatile,1823
versatility,819
version,7785
vga,17
vi,219
viable,77
vibrance,28
vibrant,3080
vibrating,37
vibration,180
vice,789
victim,1170
victory,405
victus,446
vidar,2
video,15753
vietnam,88
view,2869
viewed,242
viewer,609
viewfinder,313
viewing,3668
viewsonic,260
villain,77
vine,8
vintage,347
violates,84
violating,94
violation,189
violence,86
violet,242
violin,2
virtual,3122
visibility,916
visible,891
vision,3643
visionos,224
visit,1149
visiting,199
visual,2020
visualisation,14
visually,323
visuals,2419
vitality,21
vivid,646
vividly,27
vividness,32
vivo,3491
vk,946
vms,2
vocabulary,43
vocal,1609
voice,5452
voltage,508
volume,3430
vote,209
voter,481
voting,119
vowel,550
vp,305
vulnerability,896
vulnerable,203
wabetainfo,375
wabteainfo,13
wait,1036
waiting,408
waitlist,20
waive,1
walk,249
walking,367
wall,595
wallet,874
wallpaper,502
want,6118
wanted,349
war,1019
warcraft,8
wardle,406
warm,631
warmed,29
warmth,65
warned,197
warning,636
warns,50
warranted,54
warranty,1860
warzone,187
washed,82
washing,1797
wasted,57
wasting,40
watch,18537
watchdog,96
watched,176
watcher,17
watchgeneration,2
watching,2480
watchos,1423
water,5266
waterproof,352
waterproofing,77
watt,681
wave,1084
way,5579
weaker,40
weakest,43
wealth,315
weapon,1339
wear,2307
wearable,3029
wearer,332
wearing,533
weather,988
weatherradar,1
web,2119
webcam,999
webpage,409
website,4938
week,3045
weekend,363
weekly,89
weigh,258
weighing,457
weighs,734
weight,1541
weird,142
welcome,629
welcomed,80
wellness,358
went,564
wes,36
western,220
whan,2
whatnot,36
whats,6
whatsapp,5895
whatsoever,70
wheel,366
whereabouts,26
whip,46
whirlwind,42
white,3367
wholesome,38
whopping,58
wide,3899
wider,1115
widespread,647
widget,1085
wield,56
wife,289
wifi,535
wiggins,10
willing,208
win,838
wind,410
window,9808
wingless,1
winner,196
winning,208
winter,165
wipro,121
wiproites,1
wire,294
wired,1348
wireless,12719
wish,561
wit,129
wite,2
withdrawal,179
withdraws,3
withstand,397
witness,129
witty,68
wo,1144
woman,1045
wonder,299
wonderful,193
wondering,130
wooden,189
word,4687
wording,56
wordle,3888
work,9815
workaround,77
workarounds,14
workday,105
worked,796
worker,680
workforce,313
working,3552
workload,440
workout,1444
workplace,271
workspace,349
world,6571
worldwide,837
worn,315
worry,404
worrying,255
worse,40
worth,2134
worthiness,2
worthy,231
wotakoi,6
wrapped,187
wrist,750
write,479
writing,812
written,231
wrong,452
wrote,1327
wwdc,578
x100,165
x2,108
x7,330
xbox,1684
xdr,160
xiaomi,1018
xos,89
xps,961
xxride,1
y8u1i3o5p7a9s2d4,2
yahoo,20
yamakawa,6
yanagida,2
yatra,84
yatris,1
yatsura,2
year,11252
yellow,814
yen,40
yes,3164
yesterday,67
yield,90
york,504
yoshifumi,2
yoshiyuki,2
young,724
youth,191
youtube,4124
youtuber,177
yuan,71
yui,2
yuki,10
yunjin,2
yusaku,2
yuta,2
yuu,7
yuusaku,4
z1xss4c7v2b8m3k6,5
z2x7c4v1b8n5m3k6,5
z3x6c9v2b5n8m1k4,5
z4x7c2v5b8n1m6k9,6
z5x8c1v6b9n4m7k2,6
z7,29
z9,309
zaidi,2
zdnet,1
zealand,56
zebronics,103
zeiss,552
zenbook,1529
zero,641
zerodha,84
zerope,3
zhang,12
zillenial,36
zip,68
zone,532
zoo,57
zoom,1907
ztai,1
zuckerberg,662
