Word,Frequency
0230,7
0400,18
0430,3
10,3712
100,1870
100bn,2
1027,9
108,87
11,1537
110,176
111,96
112,38
1122,29
11km,1
12,1764
120,389
122,38
13,1390
133,78
14,1410
15,2131
155,57
159,22
16,1311
166,7
168,27
16th,65
17,1145
170,200
18,1744
1800s,9
1864,8
187,15
19,834
1930s,7
1961,65
1978,32
1979,202
1980s,216
1982,38
1990,82
1991,109
1994,181
1996,121
1997,218
1999,263
19th,91
20,2450
200,970
2000,207
2002,103
2006,447
2008,308
2011,459
2013,490
2014,590
2015,655
2016,1089
2017,771
2018,1139
2019,1362
2020,2054
2021,1879
2022,3529
2023,2853
2024,3230
2025,566
2027,126
2050,34
21,922
2130,4
21st,99
22,892
23,822
24,1343
24th,48
25,1364
26,779
27,864
28,862
29,587
30,2371
300,701
31,504
32,391
326,32
33,377
34,460
35,532
350,87
36,357
363,7
365,17
37,387
370,104
373,2
38,330
40,1468
400th,1
403,5
42,462
425,29
43,350
439,2
44,385
45,526
469,10
47,346
48,395
49,343
50,1706
500,622
51,238
52,265
52nd,3
55,269
550,31
56,190
57,176
58,220
59,183
60,1182
600,281
61,191
620,9
645,12
65,264
66,141
68,124
6am,28
70,811
700,208
70th,16
71,261
72,178
73,70
75,443
77,175
770,1
789,6
7th,125
81,166
87,73
875,3
90,638
900,113
950,6
99,128
aap,8
abc,637
abdomen,47
abdominal,78
abducted,420
abducting,66
abduction,249
abductor,7
abdul,170
abdulla,28
abdullah,245
able,1780
aboard,307
abortion,710
abroad,634
abrogated,3
abruptly,149
absence,437
absolute,290
absolutely,462
abu,589
academic,479
academy,339
accelerate,79
accelerated,148
accept,664
acceptable,150
accepted,620
access,1939
accident,969
accommodating,15
accompanied,475
accomplice,76
according,13427
account,1978
accountability,636
accountant,37
accounted,100
accounting,108
accuracy,80
accurate,143
accused,3693
accusing,883
achieve,695
achieved,360
achievement,409
achieving,313
acknowledge,210
acknowledged,1063
acknowledging,278
acknowledgment,60
act,2739
acted,216
acting,578
action,5524
activated,120
activating,26
active,864
actively,530
activist,1843
activity,2924
acute,163
adaptation,64
adapted,61
adaptive,11
adapts,34
adb,31
add,536
added,4405
adding,2963
addition,770
additional,1814
additionally,771
address,2647
addressed,905
addressing,1009
aden,198
adequate,120
adhering,75
adidas,21
adjacent,143
adjustment,190
administering,51
administration,3274
admiral,173
admitted,710
adopting,91
adrienne,11
adult,792
advance,829
advanced,1033
advancement,348
advancing,310
advantage,579
adversary,236
advertising,180
advice,427
advised,533
adviser,1206
advisory,431
advocate,726
aerial,707
aerospace,178
affair,2320
affect,517
affected,1796
affiliation,67
affirmed,215
afford,175
affordable,162
afghan,1096
afghanistan,2640
afp,2338
afraid,201
africa,1535
african,939
aftermath,463
afternoon,703
age,1802
aged,690
agency,7586
agenda,698
agent,1144
aggression,582
aggressive,483
aggressively,118
agile,14
ago,1885
agreed,1611
agreement,3176
agriculture,354
ahead,2273
ahl,1
ahmadiyya,60
ahmed,498
ahouthi,1
ai,1251
aid,3174
aide,607
aiding,167
aim,1761
aimed,2009
aiming,614
air,5235
airborne,73
aircraft,2734
aired,190
airline,1823
airport,2863
airspace,432
airstrike,647
airstrikes,615
akhundzada,34
akin,73
akira,1
al,1109
alarm,308
alarming,258
alarmingly,23
albanese,300
alcohol,263
alert,880
alerted,172
alexei,74
ali,1417
alienate,38
align,183
aligning,120
aligns,173
alive,454
allah,71
allegation,2082
alleged,2743
allegedly,1652
alleviate,112
alliance,1607
allied,322
allium,2
allow,1722
allowed,1444
allowing,962
allows,700
allure,20
ally,3102
alongside,1131
alright,10
alter,96
altering,81
altitude,229
aluminum,25
ambassador,1006
ambition,361
america,2392
american,4707
amid,2605
amidst,823
amir,164
amiss,17
amman,49
ammunition,416
amnesty,305
amplified,65
amy,61
anaemic,10
analysis,455
analyst,1257
analyze,42
analyzes,5
ancient,386
anderson,107
andy,116
anger,395
angle,45
angry,392
ani,307
animosity,69
annex,64
annexe,7
annexed,158
anniversary,871
announce,335
announced,4674
announcement,1396
announcing,307
annoying,5
annual,975
anonymously,56
anouk,1
answer,560
antalya,3
antenna,15
anthony,214
anticipate,72
anticipated,481
anticipates,40
anticipation,123
antonio,295
anwar,134
anybody,154
ap,1129
ap1000,1
apart,445
apartment,501
apologetic,15
apologise,81
apology,252
app,529
apparatus,70
appeal,1301
appealed,280
appear,745
appearance,1192
appeared,1529
appearing,225
appears,856
appease,26
application,931
applies,85
appointed,739
appointee,45
appointment,505
appreciate,134
apprehend,73
approach,1801
approached,369
approximately,1790
apr,50
april,2938
aqaba,2
arab,779
arabia,1105
arad,1
arakan,168
arbil,2
arbitrary,143
archenemy,8
archipelago,226
architect,108
area,8328
argentinian,11
argue,594
argued,788
argument,464
ariel,26
aries,17
arisen,25
arising,43
arizona,406
arm,1845
armed,2422
army,4442
arranged,167
arrangement,517
array,184
arrest,3374
arrested,3522
arrival,717
arrived,1437
arriving,368
arrow,79
arsenal,249
article,911
artificial,567
artillery,548
arvind,62
ary,682
asad,85
asean,134
ashlee,6
ashok,10
asia,1458
asian,965
asked,3144
aspect,324
aspiration,245
assailant,288
assassinated,161
assault,1919
assaulted,210
assaulting,144
assembled,98
assembly,1522
asserted,469
assertion,249
assertive,126
assertiveness,60
assessment,625
asset,887
assist,394
assistance,1333
assistant,503
assisted,356
assisting,228
associate,381
associated,1203
association,901
assume,130
assuming,140
assumption,110
assured,697
asylum,750
athletics,13
atmosphere,390
atrocity,227
attack,15856
attacked,1551
attacker,593
attacking,483
attempt,2903
attempted,1021
attempting,676
attend,1015
attended,1054
attendee,360
attending,503
attention,1587
attitude,193
attorney,1106
attracted,209
attribute,160
attributed,547
aug,395
august,2517
aurangzeb,154
aurman,6
austin,523
australia,1641
australian,1076
austrian,123
authoritarian,166
authority,7548
autocratic,52
automatic,136
automobile,19
autonomous,167
autumn,97
availability,76
available,870
avdiivka,36
avenge,94
avenue,145
average,791
averaging,28
averted,49
aviation,655
aviv,600
avoid,1491
avoided,263
avoiding,197
awaiting,198
aware,684
away,2847
awkward,73
axe,29
axios,131
axis,152
ayatollah,256
azhar,52
baalbek,16
babel,4
baby,686
backbench,32
backed,677
background,525
backing,562
backlash,387
backroom,13
backyard,49
bad,848
badly,224
bag,346
baghdad,162
bagheri,36
bahawalnagar,9
bailout,392
bakhmut,26
bakhsh,3
balance,576
balanced,120
balancing,123
balitsky,19
ballistic,964
ballot,627
balochistan,1337
baluchistan,125
ban,1819
band,191
bangkok,320
bank,2850
banned,1006
banner,239
bar,682
barged,8
barrage,411
barrel,242
barricade,122
barrier,328
bart,3
base,1889
based,2100
bashar,50
basic,482
basically,95
basij,5
basis,429
bathing,26
battered,157
battery,533
battle,1172
battled,131
battleground,488
battling,227
bayer,4
bbc,812
beach,724
beam,28
bear,573
bearing,128
beast,127
beat,249
beaten,114
beating,117
beautiful,280
bed,268
bedouin,13
beer,223
began,3322
beggar,129
begin,793
beginning,778
begun,453
behalf,410
behavior,524
behaviour,411
beijing,4030
beirut,1103
belarus,364
belief,1268
believe,1866
believed,1519
bellamy,1
bellwether,10
belonging,393
belt,394
benchmark,106
beneficial,129
benefit,1139
benjamin,1188
beran,5
berkeley,62
berlin,470
berwick,1
best,1359
betrayal,65
betraying,16
better,1547
betting,128
bezos,108
bhoon,1
biblical,21
bid,858
biden,11973
bifida,1
bifurcating,2
big,1408
bigger,250
biggest,1250
bilateral,1416
bilaterally,15
billed,45
billion,4427
bin,764
birth,564
bisham,5
bite,117
bjp,155
black,2050
blacklisted,41
blackstone,14
blade,75
blame,476
blamed,798
blaming,179
blank,36
blast,484
bleeding,102
blend,120
block,708
blockade,234
blocked,737
bloodshed,69
bloody,159
bloomberg,276
bloombergnef,1
blunt,76
bmc,2
board,1511
boarded,96
boarding,138
boasted,87
boat,1523
bob,117
body,3649
boisterous,10
bolivia,95
bolster,392
bolstered,104
bolstering,150
bomb,1443
bombing,755
bond,434
bondi,26
bonus,86
boogie,5
book,1243
boom,103
boon,16
boost,769
border,5246
bordering,191
bore,89
borick,2
boris,219
born,985
borrego,1
borwornphop,4
bosch,6
bothered,34
bounty,28
bourse,2
bowed,48
bowler,13
box,292
boy,1021
bracelet,20
brady,13
brain,327
branch,344
branded,112
brandished,28
brandon,40
bravely,13
bravery,88
brazen,45
breach,469
breaching,78
break,914
breakaway,36
breakdown,111
breakthrough,186
brent,25
brexit,180
brick,179
bridge,1107
bridget,13
brief,519
briefed,253
briefing,616
briefly,325
brigade,363
brigadier,101
bring,2130
bringing,805
brings,313
brink,184
brisbane,74
britain,2615
british,3581
briton,128
broadcast,433
broadcaster,612
broader,1652
broadly,137
broke,931
broken,550
brokering,22
bronzefield,1
brother,1321
brought,1697
brussels,531
brutal,325
brutally,100
buck,33
buckingham,330
budget,889
bugti,27
build,900
building,3088
built,839
bulk,90
bulked,4
bullet,532
bunch,61
buner,29
bunker,128
bureaucracy,63
bureaucratic,33
burial,125
burkina,80
burn,364
burst,181
bus,1077
bushehr,2
busiest,129
business,3160
bustling,91
busy,348
butt,127
buy,375
bystander,96
ca,871
cabin,228
cabinet,1384
cable,107
cachalia,1
cadre,46
cafe,169
calamity,30
calder,1
california,1730
called,5758
calling,2283
calm,433
came,3974
camera,675
cameron,207
camilla,328
camp,1792
campaign,7656
campaigner,95
canada,2055
canal,107
canberra,181
cancel,210
canceled,249
cancellation,288
cancelled,330
cancer,989
candid,83
candidate,3985
cannabis,153
cannon,221
canton,131
cantonsonalika,1
canuck,1
capability,1749
capable,521
capacity,799
capital,2880
capitalize,54
capitalized,14
capitol,337
capri,53
capsized,131
captive,245
capture,401
captured,1002
car,1866
carbon,259
card,545
cardboard,19
cardiac,55
care,1435
cared,48
career,990
cargo,451
carl,42
carried,1529
carrier,739
carry,1200
carrying,1577
carving,17
case,8301
casey,40
cash,380
casualty,1255
catalyse,6
catastrophe,128
catching,58
categorically,58
catherine,273
catholic,304
cauchi,32
caught,800
cause,2075
caused,2534
causing,1383
caution,290
cautioned,353
cautioning,67
cave,87
cctv,293
cease,214
ceasefire,1959
celebrated,366
celebrating,256
celebration,540
cell,509
celsius,382
cent,1844
center,1970
central,3606
centralised,6
centre,1701
centred,48
century,634
ceo,817
ceremony,1218
certainly,416
certificate,132
certification,99
certified,66
certify,49
cessation,121
chad,79
chain,381
chakra,2
chakrabarty,6
challenge,3864
challenged,334
challenger,159
challenging,922
chance,1024
chancellor,473
chang,165
change,4449
changed,615
changer,5
changing,397
channel,1138
chant,144
chaos,701
chaotic,194
chapter,241
charai,2
charge,3559
charged,1447
charity,396
charle,2
charles,1998
charter,225
chartered,55
chasing,31
chasiv,65
chaus,3
chauvinism,1
cheap,104
cheaper,94
check,670
checked,216
checkpoint,173
cheering,79
chemerinsky,2
cherished,64
chest,182
chicago,443
chief,5445
child,7368
china,18520
chinatown,9
chinese,9108
choice,947
chongqing,54
choose,358
choosing,176
chris,212
christian,695
christmas,155
christopher,211
circle,365
circuit,103
circulated,224
circulating,243
circumstance,587
circumvent,62
circus,10
cissy,1
cited,692
citing,1629
citizen,2688
citizenship,789
city,8913
civil,1940
civilian,4211
claim,4607
claimed,4030
claiming,1168
clampdown,31
clandestine,53
clarification,75
clarified,382
clash,1270
clasped,11
class,866
clean,526
clear,2768
clearly,530
clerical,51
clerkenwell,1
climate,2379
climbing,212
clinch,29
clinic,212
clinton,354
clip,418
clive,16
clock,130
close,3206
closed,1064
closely,1066
closer,605
closest,234
closure,433
clothes,219
clothing,188
clown,22
cm,197
cnn,1022
coachella,37
coast,2287
cockpit,33
code,333
codeveloping,1
coerced,107
coercing,26
coffee,153
coin,120
coincide,58
coincides,112
coinciding,137
collaborate,118
collaboration,587
collaborative,109
collapse,667
colleague,514
collecting,171
collection,439
college,1448
collins,62
colonel,224
colony,218
colorado,139
colored,9
columbia,883
columnist,58
comatose,10
combat,1081
combating,129
combing,21
come,6189
comeback,83
coming,1704
command,1053
commandant,11
commander,1451
commando,44
commenced,138
commended,115
comment,3231
commentator,275
commented,598
commercial,986
commission,1841
commissioner,921
commit,327
commitment,1923
committed,1362
committee,1947
common,1250
commonwealth,195
commotion,46
communication,1587
communist,675
community,4769
company,5492
comparatively,24
compare,57
compared,1157
comparison,279
compensate,58
compensation,290
competition,564
competitive,274
complemented,26
complete,804
complex,1026
complexity,218
complicated,183
component,340
compound,428
compounding,35
comprehend,32
comprehension,6
comprehensive,691
comprised,55
comprises,69
compromise,167
compromised,236
computer,472
conceivably,9
concern,6066
concerned,1035
concerning,392
concerted,48
concise,16
concluded,559
conclusion,270
concrete,312
condemn,254
condemnation,369
condemned,1412
condemning,246
condition,3233
condolence,448
conduct,875
conducted,1487
conducting,567
conference,2073
confidence,824
confirm,490
confirmed,3316
conflagration,44
conflict,5548
conflicting,64
confront,136
confronted,129
confusion,223
congratulation,115
congratulatory,27
congress,1234
congressional,364
conjoined,4
connected,392
connecting,201
connection,1292
connectivity,268
consecutive,355
consent,144
consequence,870
conservative,2863
considerable,244
considerably,59
considered,1241
considering,569
consisted,25
consistently,488
consisting,107
conspicuous,18
conspiring,116
constant,321
constitution,710
constitutional,482
constraint,79
constructing,75
construction,789
constructive,185
consular,186
consulate,285
consulted,42
consumed,110
consumer,578
contact,1029
contacted,245
contain,295
contained,279
containing,251
contemporary,133
content,877
contentious,334
contest,398
continuation,65
continue,4130
continued,2261
continues,1903
continuing,722
continuous,237
continuously,180
contract,515
contracted,92
contractor,100
contractual,28
contrast,600
contribute,354
contributed,382
contributing,348
contribution,606
control,3554
controversy,849
convene,86
convened,93
convention,1132
conventional,177
conversation,870
conversion,47
convert,56
convicted,932
conviction,767
convince,137
convoy,287
cooke,27
cooling,142
cooperate,306
cooperation,2297
coordinate,139
coordinated,329
coordination,332
cop,155
cop28,26
cope,106
coping,30
coral,92
core,479
cornered,20
cornerstone,41
cornwall,20
corp,441
corporate,288
corporation,299
correct,138
correspondent,266
corresponding,25
corridor,551
corrupt,92
corruptly,14
cost,1929
council,2642
count,821
counter,625
counterattack,58
countering,142
counterpart,752
counterweight,25
counting,101
country,21166
county,1471
coup,382
couple,1750
coupled,112
courage,174
courageous,40
course,1146
court,9273
courtesy,54
courtyard,48
cover,823
coverage,290
covering,365
covert,112
cpec,482
cpj,2
cplc,2
cpr,22
crack,231
cranking,14
crashed,532
create,1233
created,774
creates,103
creativity,49
creature,47
credit,1192
credited,116
creeping,12
crew,1775
crime,2794
criminal,2418
criminalise,8
criminalize,22
crippled,26
crisis,2532
criterion,122
critic,952
critical,2190
critically,208
criticism,1643
criticized,996
criticizing,188
cross,551
crossed,523
crossing,1201
crowd,1038
crowing,1
crown,555
crucial,1688
cruise,351
crush,78
crypto,94
cuba,231
cuban,79
cubic,64
cui,4
culprit,33
cultivated,19
cultivation,13
cultural,886
culture,779
cup,230
curb,390
curiosity,68
currency,402
current,2750
currently,2442
custody,955
cut,1507
cyber,370
cycle,290
cyril,29
dacoit,14
dadoo,1
daesh,18
daily,1997
dalian,2
dallas,110
dam,231
damage,2263
damaged,1057
damascus,118
damen,2
danger,747
dangerous,1453
daniel,932
daoud,8
daphi,1
darfur,112
dark,382
darker,59
darkness,74
dastgir,1
dasu,58
data,2061
date,1136
dating,366
daughter,1451
dave,35
david,1018
dawn,1131
day,11644
dci,4
dead,2471
deadline,228
deadly,1117
deal,3779
dealing,342
dean,90
death,6722
debashis,2
debate,3510
deborah,8
debris,562
debt,1429
decade,2314
decayed,2
deceased,488
deceit,14
december,935
decide,523
decided,1276
decision,5007
decisive,322
declare,216
declared,1609
declassified,13
decline,555
declined,825
declinespennsylvania,1
declining,280
decoupling,7
decrease,208
decreased,147
decreasing,42
decree,157
dedication,260
deem,33
deemed,406
deeming,32
deep,1247
deepen,216
deepening,347
deeply,914
defeat,635
defection,82
defence,4786
defend,808
defendant,451
defense,3576
defensive,255
defiance,82
deficit,218
defied,81
defined,183
definitive,79
defraud,29
defrauded,9
defusing,6
degrade,52
degree,1080
delay,966
delaying,129
delegation,678
deleted,187
delhi,5047
deliberately,292
delicate,124
deliver,516
delivered,657
delivering,316
delivery,857
deluge,47
demand,1990
demanded,765
demanding,892
democracy,1234
democrat,2064
democratic,3938
demographic,169
demonstrate,323
demonstrated,273
demonstration,1084
demonstrator,880
deniability,3
denial,165
denied,1597
denounced,417
denouncing,80
dented,15
deny,208
depart,98
department,3550
depend,169
dependence,111
dependency,43
depending,97
deplore,6
deployed,1157
deploying,294
deployment,807
deportation,378
deported,129
deposed,69
deposing,2
depreciation,1
depth,335
deputy,1761
dera,154
derives,12
derogatory,106
descended,112
described,2741
describing,594
desert,192
deserves,70
design,403
designate,36
designated,435
designed,902
designer,94
desirable,12
desire,620
desperate,319
desperately,114
despite,4540
despot,3
destabilising,86
destabilize,62
destination,496
destroy,398
destroyed,1136
destroying,360
detailed,667
detained,1176
detainment,8
detect,162
detective,178
deter,272
deteriorated,152
deteriorating,169
determination,321
determine,621
deterrence,213
detonate,26
detrimental,44
devaluation,66
devastating,667
develop,557
developed,627
developing,601
development,3796
devil,41
devised,45
devoted,77
dhabi,156
diagnosed,236
diagnosis,367
dialogue,1046
diaper,31
die,288
died,2723
difference,740
different,2039
difficult,1304
digital,836
dignity,195
dika,2
diligently,43
dimona,2
diplomacy,434
diplomat,961
diplomatic,1724
direct,1373
directed,688
direction,640
directly,1023
director,2109
disadvantage,55
disagree,101
disapproval,101
disapproves,3
disaster,1383
disbelief,97
disclosed,618
disclosure,141
disconnect,28
discontent,262
discounted,15
discourse,116
discovered,965
discreet,36
discretion,35
discriminating,2
discrimination,323
discus,1114
discussed,895
discussing,429
discussion,1879
disease,815
dislocation,1
dismantle,197
dismantled,162
dismissed,820
dismissing,107
disorder,437
dispatched,204
dispatcher,22
displaced,1135
displacement,286
displayed,274
disproportionate,61
dispute,852
disputed,581
disrespecting,12
disrupt,346
disrupted,386
disruption,668
dissatisfaction,171
dissent,297
dissolving,37
distance,455
distinct,115
distinctive,75
distress,241
distributed,217
distribution,371
district,3381
disturbance,199
divided,282
division,737
divisive,169
doctor,1144
document,1470
documentary,302
documented,223
dollar,909
dome,247
domestic,1293
dominance,226
dominant,110
dominican,55
donald,5171
donetsk,366
donnie,1
door,688
double,386
doubled,191
doubt,529
downbeat,6
downed,161
downgraded,61
downing,292
downpour,214
downside,27
downtown,173
dozen,1733
dprk,75
draft,522
dragging,80
dragon,164
dragonfire,16
drama,169
dramatic,391
draw,542
drawing,462
drawn,512
dread,25
dredging,22
dressed,199
drew,493
drifting,36
drill,773
drive,640
driven,583
driver,855
drone,3933
drop,651
dropped,575
drove,196
drowned,81
drownings,5
drug,1445
dual,618
dubai,1033
dubbed,203
duering,4
dullah,1
duly,14
dulyapak,5
dustin,4
duty,1101
dynamic,615
eagerness,22
earlier,4150
earliest,130
early,3696
earlyvotedone,2
earning,160
earnings,107
earth,741
earthquake,679
ease,306
easier,191
east,3270
eastern,1849
eat,265
ebey,2
ebrahim,263
echo,184
echoed,318
echoing,94
economic,5124
economically,169
economics,239
economist,388
economy,2757
edge,454
edged,17
editor,210
editorial,112
educated,51
education,1448
educational,331
effect,1080
effective,603
effectively,743
efficiency,134
efficient,107
effort,5870
egypt,1094
egyptair,2
egyptian,580
eid,172
ejected,31
elaborate,150
elderly,334
elect,140
elected,1204
election,10515
elector,46
electoral,931
electorate,155
electric,678
electronic,307
electronically,20
element,424
elephant,178
elevated,160
eliason,9
eligible,415
elimination,78
elite,412
elta,4
email,485
embarked,92
embassy,1528
embattled,62
embrace,147
embraced,157
embryo,11
emerged,871
emergency,2634
emerging,347
emirate,436
emirati,59
emission,374
emmanuel,472
emotional,476
emphasised,883
emphasize,125
emphasized,1524
emphasizes,98
emphasizing,744
employed,330
employee,1219
employing,155
employment,456
empower,28
en,230
enabled,74
enabling,202
enact,42
encouraged,340
end,4490
endangers,16
endeavor,108
ending,563
endorsed,537
endorsement,505
endured,180
enduring,277
enemy,968
energoatom,6
energy,2598
enforce,220
enforced,410
enforcement,1431
eng,6
engage,826
engaged,937
engagement,981
engaging,537
engine,582
engineer,460
engineered,32
england,1424
english,621
engulfed,147
enhance,602
enhanced,216
enhances,52
enhancing,329
enjoy,243
enjoyable,25
enjoyed,146
enmity,22
enshrine,7
ensuing,75
ensure,2464
ensures,97
ensuring,579
entangled,30
enter,624
entered,1065
enters,90
entire,1276
entirely,298
entity,535
entrance,211
entrepreneur,260
environment,1127
environmental,527
envision,14
envoy,335
epicentre,77
episode,281
equality,292
equally,90
equates,15
equipment,969
equipped,327
equivalent,236
era,447
eradicate,70
erik,22
eroded,62
erratically,10
erroneous,23
error,349
ersson,2
erupted,739
erwin,3
escalate,309
escalated,693
escalating,994
escalation,1112
escalator,8
escalatory,34
escape,435
escaped,190
especially,1877
espionage,390
essential,692
established,932
establishing,326
establishment,727
estate,537
estimated,900
ethnic,576
ethnicity,88
ethos,15
eu,1824
euro,536
eurobonds,2
europe,1881
european,3140
europol,18
evacuate,536
evacuated,607
evangelical,21
evening,1127
evenly,13
event,5106
everyday,138
evidence,1884
evident,206
evil,208
evoke,14
evoked,29
evolving,281
exacerbated,245
exacerbating,199
exact,394
exactly,413
examined,116
exceeding,192
exception,144
exceptionally,57
exchange,1930
exchanged,254
exchequer,35
exclude,66
excluding,125
exclusive,243
executed,215
executing,73
execution,247
executive,1156
exemplifies,30
exercise,1165
exercising,83
exert,73
exerted,21
exim,27
existence,205
existing,543
exit,460
expand,574
expanded,392
expansion,468
expect,538
expectation,344
expected,4216
expects,228
expediting,15
expedition,133
expelled,156
expelling,39
experience,1635
experienced,979
expert,2418
expired,45
explain,241
explained,881
explaining,236
explains,118
exploit,190
exploitation,227
explore,291
explosion,1480
explosive,748
export,1181
exposure,177
express,948
expressed,4407
expressing,733
expression,394
expulsion,112
expunging,1
extend,383
extended,1093
extending,291
extends,195
extension,217
extensive,905
extensively,104
external,1246
extortion,116
extracted,52
extradition,268
extraordinary,290
extreme,1223
extremely,631
extremism,269
extricating,4
eye,954
eyewitness,98
fabian,9
face,4544
facebook,622
faced,2287
facilitator,65
facility,1787
facing,1709
fact,1089
facto,151
factor,662
fail,162
failed,1371
failing,479
failure,911
fair,653
fairer,52
fake,631
fall,1034
falling,521
fallout,164
false,879
falsely,237
fame,201
famed,76
familial,22
familiar,438
familiarization,3
family,9325
famine,200
famous,305
fan,521
far,3060
farage,359
faraz,38
farm,401
farouq,2
fascism,23
fashion,226
faso,76
fast,268
fatal,309
fatalism,1
fatality,598
fatally,143
father,2287
faulty,50
favor,338
favorability,42
favored,84
favoring,64
favour,344
faxian,2
fcdo,93
fear,1888
feared,246
fearing,144
feasibility,50
feature,737
featured,359
february,1662
federal,2524
feedback,74
feel,1272
feeling,554
fell,925
fellow,652
felt,812
female,1036
ferdinand,90
fertile,6
festival,478
festivity,92
fewer,275
fiance,4
field,1085
fiercer,7
fifth,377
fight,1541
fighter,2000
fighting,2088
figure,2562
filled,368
filling,95
filming,136
final,1673
finance,1168
financial,2365
financing,418
finding,826
fine,664
finish,158
finishing,65
fir,220
fired,1322
firing,515
firm,1389
firmly,325
fiscal,710
fischer,69
fitted,28
fivethirtyeight,18
fix,177
fixated,5
flag,747
flagged,91
flaring,5
flaw,76
fled,1017
flee,422
fleeing,339
flew,331
flexibility,84
flight,3879
flipped,40
floated,70
flock,45
flocked,32
flood,1502
flooded,387
floral,18
florida,1104
flower,137
flown,129
flyer,44
flying,606
focal,124
focus,2035
focusing,519
foe,71
foil,35
foiled,117
follow,648
followed,1492
following,6538
follows,892
food,2643
foot,1428
footage,1312
foray,14
force,10468
forced,1560
forcibly,316
forcing,488
ford,126
forebear,1
forecast,526
foreign,8181
foreshadow,3
forestall,3
forever,149
forfeit,4
forget,125
forgotten,78
form,1436
formal,567
formally,419
formed,465
forming,227
formula,66
fortification,11
fortifying,17
forward,1594
foster,236
fostering,184
fought,359
founded,382
founder,1274
fourth,564
fox,852
fragility,36
fragman,2
framework,449
france,2417
francis,397
franklin,64
fraud,566
free,2192
freed,299
freedom,1632
freely,114
freezing,51
french,2002
frenzy,30
frequency,141
frequent,506
frequently,634
freshly,2
friday,6296
friend,2283
friendly,349
friendship,366
frigate,65
frontier,223
frontline,201
fruition,12
frustration,520
ft,71
fuel,1286
fueling,135
fuelled,160
fujairah,4
fulfil,111
fulfill,104
fully,1033
fumio,142
function,245
functioning,108
fund,1852
funders,8
funding,818
fundraiser,197
funeral,499
furthermore,180
futhermore,2
future,3203
fx,4
g7,549
gain,913
gained,683
gaining,219
gallant,502
gallup,21
galushchenko,6
galyat,8
galyon,1
game,1259
gang,556
gansu,18
gap,519
garrido,9
gas,1515
gather,332
gathered,764
gathering,966
gave,1029
gay,213
gaza,11626
gbp,79
gdp,387
gearing,70
general,4413
generate,175
generation,822
geo,638
geographic,104
geographically,13
geological,111
geopolitical,596
george,572
georgieva,21
geosynchronous,4
german,1101
germany,1994
ghoshal,6
ghulam,80
giorgia,200
girl,2292
given,2461
giving,762
global,4841
globally,440
globe,155
gmt,485
goal,1203
goaltender,2
god,484
going,3523
golan,223
gold,975
gone,858
good,2616
goodwill,64
gool,1
gop,365
got,2002
gov,278
governed,246
government,17145
governmental,56
governor,1797
govt,2393
gps,121
grabbing,64
gradually,306
graduated,168
graham,92
grandchild,126
grant,394
grappling,303
gratitude,387
grave,331
great,1602
greater,759
green,943
greene,97
greenonions875won,2
greenwashing,3
grew,466
grey,144
grief,182
grieving,83
grip,132
grocery,153
gross,213
ground,2469
groundbreaking,108
group,11173
grow,559
growing,2379
growth,1364
guarantee,423
guard,2172
guardian,347
guarding,48
guidance,237
guide,314
guided,303
guiding,61
guilty,1252
guinness,47
guise,88
gulf,622
gun,1094
gunardi,2
gunfire,248
gunman,664
gunned,58
gunpoint,15
gunshot,288
guterres,277
guy,535
gym,69
habibullah,8
hafiz,71
hagari,234
hailed,298
hainan,167
haitham,11
haiti,221
half,1495
hall,605
halt,626
halted,380
halting,126
hamas,9186
hamie,1
hammad,9
hand,1813
handed,454
handful,148
handling,492
haniyeh,1069
hannah,77
hapi,1
happen,753
happened,1317
happens,326
happiness,178
haqqani,37
harassment,400
hard,973
hardware,103
harm,659
harming,64
haroon,15
harriet,7
harris,8949
harrowing,149
harsh,264
harshly,48
hashtags,32
hastily,23
hazara,13
head,3480
headband,5
headed,472
heading,409
headline,286
health,5602
healthcare,486
healthier,34
hear,478
heard,1173
hearing,1161
heart,858
heartbreaking,96
heaven,32
heavily,733
heavy,2280
hebrew,74
hedge,40
hefty,56
height,562
heighten,29
heightened,726
heightening,80
heinous,146
heir,120
heiskanen,2
held,4465
helicopter,1293
help,3270
helped,880
helping,519
helpless,34
heralding,14
herd,63
heritage,571
hero,234
heroic,39
heroin,22
hesitate,61
hezbollah,5571
hibatullah,20
hierarchy,38
high,5246
higher,1210
highest,1204
highlight,1019
highlighted,1841
highlighting,1049
highly,879
highway,809
hijacked,26
hijacking,35
hikvision,1
hill,395
hillary,223
hilly,32
hindered,100
hindu,1480
hinduism,55
hindutva,20
hire,153
hired,133
hispanic,82
historian,164
historic,910
historical,668
historically,333
history,2622
hit,2892
hitched,16
hitting,332
hockey,18
hold,2792
holder,185
holding,1405
hole,172
holiday,499
holocaust,106
home,6510
homeless,165
hometown,122
honest,110
honiara,3
honor,394
hoolahan,2
hope,2173
hopeful,202
hoping,456
horizon,87
hormuz,13
horrific,212
horrified,51
horrifying,76
hose,38
hospital,3687
hospitalised,95
hospitalized,110
hossein,83
host,967
hostage,3597
hosted,576
hostel,8
hostility,464
hosting,310
hot,591
hotbed,31
hotel,1328
hour,3632
house,6886
housing,800
houthi,659
houthis,740
huawei,49
hub,557
huge,879
hugely,54
human,3963
humanitarian,2097
humble,53
hunger,311
hunt,206
husband,1360
hush,301
hushed,5
hussein,195
hydroelectric,53
hydrogen,75
hydropower,114
hyun,2
id,163
idea,885
ideally,19
identical,35
identification,277
identified,1772
identify,480
identifying,194
identity,974
ideological,131
ideology,242
idf,990
ignited,277
ignore,118
ii,792
iii,423
ilahi,2
ilam,4
ill,224
illegal,1561
illegally,510
illicit,181
illness,352
illustrated,27
illustrating,49
image,2280
imagery,143
imam,139
imbalance,45
imf,1534
immaterial,2
immediate,1758
immediately,2147
immense,298
immigration,1322
imminent,230
immunity,214
impact,2623
impacted,441
impartial,45
impassioned,4
impediment,10
impeding,24
imperative,93
implement,485
implementation,326
implemented,413
implication,592
implicit,30
imply,33
import,700
importance,1651
important,1978
imported,254
imposed,977
impossible,281
impressive,199
imprimatur,2
imprisoned,357
imprisonment,256
improve,599
improved,306
improving,296
impunity,76
imran,2437
inability,109
inadvertently,100
inaugural,142
inauguration,310
incapacitating,1
incarcerated,176
incest,35
inch,377
incident,7043
incite,106
inciting,226
include,1987
included,2006
includes,1609
including,14580
inclusion,183
inclusive,192
income,609
incoming,251
increase,2347
increased,1567
increasing,1470
increasingly,1339
incredible,185
independence,1198
independent,1581
independently,283
index,292
india,9187
indian,6393
indicate,571
indicated,845
indicates,297
indicating,584
indication,333
indicator,122
indicted,155
indictment,398
indirect,121
indirectly,67
indiscriminate,56
indiscriminately,49
individual,4072
indonesia,637
indus,55
industrial,621
industry,1703
inevitable,149
infant,136
infiltration,100
inflame,28
inflaming,26
inflation,1021
influence,2052
influencer,227
influential,404
influx,176
information,2971
informed,1091
infrastructure,1957
infrequently,3
inhabitant,86
inhuman,21
initial,1153
initially,1295
initiated,654
initiation,21
initiative,1285
injured,3267
injury,2203
inked,54
inmate,254
innocent,318
innovate,10
innovation,424
input,2045
inquirer,8
inquiry,578
insecurity,186
inside,2039
insider,422
insight,272
insist,62
insisted,538
insistent,16
inspector,287
inspiration,87
instability,380
instal,1
installed,166
instance,660
instant,64
instead,1332
instigate,26
instinctive,4
institute,1081
institution,1306
instructed,413
instrumental,139
insufficient,154
insurgency,190
insurrection,46
integral,85
integrated,154
integrating,60
integration,124
integrity,428
intellectual,94
intelligence,2704
intended,916
intense,1001
intensification,70
intensified,826
intensifying,299
intent,315
intention,702
intercept,204
intercepted,380
intercepting,49
interception,91
interceptor,117
interfax,43
interference,585
interior,842
intermodulation,4
internal,959
international,8946
interruption,65
intersection,92
intervene,174
intervened,171
intervention,451
interview,2733
intolerant,7
introduced,704
introducing,129
invaded,186
invader,32
invaluable,55
invasion,1600
invest,226
invested,177
investigated,272
investigating,663
investigation,3525
investigator,580
investment,1959
investor,543
involve,344
involved,2984
involvement,1409
involving,1289
ipsos,51
iran,6998
iranian,2236
iraq,974
iraqi,396
ire,52
ireland,532
irgc,119
irish,227
irna,64
iron,308
ironclad,80
irrespective,61
isfahan,100
ishim,7
isi,670
islamabad,3202
islamic,1820
islamist,622
islampura,6
island,3298
islander,18
isle,72
ismail,727
isolated,482
isolation,173
ispr,179
israel,17899
israeli,12943
issuance,50
issue,6043
issued,2773
issuing,222
ist,852
italian,775
italy,1117
ite,11
item,629
itinerant,6
itinerary,57
jagdeep,10
jail,1564
jailed,686
jake,204
james,485
jan,206
january,1669
japan,2341
japanese,948
jason,111
jat,4
javed,90
jayes,1
jeremy,147
jerome,30
jersey,231
jerusalem,669
jet,1371
jew,282
jewellery,70
jewish,994
jihad,257
jim,112
jinnah,133
jinping,878
jinsong,1
job,2537
joe,3604
joel,44
johannesburg,66
john,987
johnson,675
join,1099
joined,887
joining,321
joint,1928
jordan,540
jordanian,163
joseph,118
journal,447
journalist,1842
journey,938
jr,469
judge,2606
juicyfields,2
july,3748
jump,113
junction,42
juncture,80
june,3270
jung,2
junior,173
junked,1
junta,404
justice,3168
justified,109
justify,79
justin,503
kabul,512
kaghan,9
kahkonen,2
kailer,1
kamala,4191
kandahar,51
kappo,1
karachi,1184
karakoram,34
karate,1
karen,98
kashmir,494
kate,1270
kathrada,1
kazakhstan,224
keen,239
keeping,520
keir,837
keiran,3
kejriwal,36
kenilorea,3
kensington,123
kept,766
kerman,5
kerry,28
key,3835
khaama,47
khalil,117
khamenei,501
khan,5510
kharkiv,685
khartoum,44
khit,2
khmelnytska,1
khmelnytskyi,12
khomeini,42
khyber,983
kicking,86
kidnapped,197
kidnapping,203
kill,686
killed,9216
killing,3276
kilometer,997
kilometre,736
kind,1084
king,2837
kingdom,967
kinzhal,18
kiselstein,1
kishida,254
kitchen,222
km,812
kneel,25
knew,518
knife,558
know,3400
knowing,185
known,3930
knu,14
kohistan,6
konecny,2
korea,3950
korean,1836
kot,34
kotin,1
kp,258
kraken,3
kramatorsk,12
kristalina,22
kristina,12
kritenbrink,10
kudinov,1
kurdish,81
kurgan,11
kurilla,18
kyauk,5
kyiv,1887
labeling,179
labour,3257
labourer,126
lack,1433
lady,668
lahore,891
laid,385
lakhpat,19
lakshadweep,10
lame,18
land,1506
landing,778
landmark,317
landmine,41
landmines,36
landscape,657
landslide,1055
language,660
lapse,87
large,2273
largely,1084
larger,749
largest,2199
laser,147
lasted,236
lasting,383
late,2726
later,4087
latest,2458
latex,4
latino,71
latvia,52
lauded,82
laudium,1
laugh,109
launch,2035
launched,3192
launching,511
laundry,12
laura,310
lavrov,76
law,7145
lawyer,1738
lay,234
layer,188
layerthe,2
le,2298
lead,2641
leader,10441
leadership,2280
leading,3241
league,767
leak,301
lean,37
leaning,101
learnt,64
leave,1712
leaving,1607
lebanese,916
lebanon,3373
led,4316
left,3886
legal,3163
legalization,40
legalize,33
legalized,21
legalizing,9
legally,278
legislation,826
legislative,349
legislator,151
legislature,169
lehigh,24
leibensperger,1
leji,9
lender,279
lending,71
lengthiest,2
lengthy,168
lesbian,24
lesser,52
let,1346
lethal,217
letter,1226
level,2596
levelled,45
leverage,190
li,725
liaison,32
liaoning,20
liberal,704
liberated,62
libya,127
licence,133
lie,777
life,6669
lifeless,41
lifeline,75
lifesaver,3
lifestyle,384
lifetime,149
lifting,116
light,1131
lightly,33
like,8251
likeliest,2
likely,2894
limit,752
limited,1107
limpet,2
line,2804
link,720
linked,1286
linking,174
list,1601
listed,308
literally,149
littering,14
little,1412
liu,127
live,1747
lived,419
lively,33
living,1662
liz,164
lloyd,251
lme,3
lobbying,41
local,5520
locally,115
located,1274
location,1486
lockdown,110
lodged,150
logan,18
logic,33
london,3152
lone,83
long,3740
longer,1144
longshot,7
look,1799
looked,422
looking,1106
loose,76
loosen,17
lori,16
lose,493
losing,533
loss,1518
lost,2229
lot,1569
loud,197
loudspeaker,137
love,1186
loved,615
low,1149
lowe,39
lower,1027
lowest,310
loyal,144
luce,3
luck,68
luckily,32
lunged,5
lunging,15
lurch,7
luxon,63
luxury,441
lying,355
machine,502
macroeconomic,110
macron,1248
madani,4
madrid,189
mae,36
magistrate,202
magnitude,396
mahawar,8
mahomed,1
mahzoom,2
mail,579
main,2172
maintain,1234
maintained,655
maintaining,881
maintains,414
majali,1
majid,48
major,4254
majoritarian,2
majority,1656
makale,8
make,5313
making,3106
malakand,21
maldives,1111
maldivian,327
male,928
mali,181
malice,23
malicious,147
mall,180
malnourished,27
malnutrition,130
malsha,11
mamlaka,5
man,3836
manage,470
managed,898
management,990
manager,503
managing,442
manasseh,5
manchester,185
mandate,460
mandokai,1
manhattan,343
manifesto,166
manila,480
manjot,1
manned,67
manslaughter,91
manuel,117
manufacturer,340
manufacturing,414
mao,195
march,2543
marcos,186
margin,377
marijuana,229
maritime,964
mariyam,15
marjorie,46
mark,1859
marked,910
market,1774
marketing,197
marking,927
marriage,1204
married,800
marry,131
marshal,45
marshall,48
martial,160
martin,295
mass,1215
massacre,297
massive,1189
master,322
matato,6
match,426
matchup,49
math,95
matkovits,1
matriarch,4
matter,2208
mattera,1
matthew,391
mattress,41
maturing,18
maximize,34
maximum,591
mayfair,8
mayhem,41
mayor,995
mayoral,132
mccarthy,39
mccormick,12
mdp,48
mea,256
mean,1715
meant,671
measure,3020
mecca,122
meddlesome,1
mediation,125
mediator,542
medical,2539
medicinal,25
medicine,497
mediterranean,220
medium,10410
meet,2035
meeting,5356
megacity,18
megapascals,1
megawatt,41
mehr,3
mehrabad,3
meloni,566
melting,83
member,7087
meme,251
memorabilia,27
men,2538
mengal,9
mental,688
mention,409
mentioned,1249
mentioning,87
mercator,14
mercia,3
mercilessly,4
mere,239
merely,150
mess,62
message,2369
messaging,307
met,2271
metal,314
meter,457
method,354
metre,555
miami,141
michael,618
microelectronics,26
middle,2165
middleton,469
mideast,80
midnight,259
midway,17
migrant,1666
mike,416
mile,2209
milestone,313
militant,3836
military,18010
militia,409
million,8120
min,80
mind,401
minimizing,21
minimum,358
minister,16857
ministry,6613
minns,16
minor,724
minority,1372
minus,45
minute,1141
mir,52
miro,1
misguided,35
mishal,4
misra,9
missile,5994
missing,1490
mission,2221
mistake,391
misto,1
misunderstanding,101
mix,239
mob,532
mobile,603
mocking,83
mod,51
mode,78
model,842
moderate,354
modern,662
modernisation,55
modest,129
modi,1997
moe,33
moei,5
mofa,11
mohamed,395
mohammad,444
mohammadreza,2
mohammed,790
moment,1971
momentum,359
monarch,291
monarchy,215
monday,5843
monetary,587
money,1993
monitored,216
monitoring,633
montgomery,60
month,9132
moon,572
moore,89
moosa,28
morning,2006
morrison,33
mortar,123
mortgage,85
mosakhail,3
moscow,2594
mosque,752
mossad,198
mother,2044
motif,121
motion,349
motivation,130
motive,247
motorbike,95
motorcycle,195
mound,27
mount,509
mountain,725
mountainous,220
mounted,160
mourner,54
mouth,137
moved,1295
movement,2104
moving,879
mozambique,38
mp,1014
mr,271
mrat,5
msc,50
mud,95
muhammad,903
muhari,26
muhlenberg,1
muizzu,686
mujahid,96
mukherjee,2
multilateral,129
multilayered,3
multiple,2291
mundane,17
municipal,111
munu,3
murad,48
mural,18
murder,1359
murdered,217
murderer,101
murky,30
musakhel,11
muscular,57
music,649
muslim,1792
mutual,562
mv,61
myanmar,881
myawaddy,45
na,244
nabi,23
naing,5
najibullah,2
named,1346
naming,178
naomi,51
naran,2
narendra,667
narrow,371
narrowed,49
narrowly,174
naseebullah,1
nation,7216
national,10882
nationalism,70
nationalist,327
nationwide,804
natural,833
nature,966
naushki,7
nautical,93
naval,1008
navigate,272
navigates,102
navigating,150
navigation,199
navy,1151
nca,40
near,4351
nearby,1318
neared,37
nearing,85
nearly,3117
nec,27
necessary,1447
necessitates,13
necessity,254
nee,10
need,5664
needed,1319
negative,515
negev,13
negligence,59
negotiating,262
negotiation,1578
neighbour,463
neighbourhood,307
neighbouring,534
neighbourly,10
nerdy,3
net,616
netanyahu,3649
netishyn,1
network,1777
networking,8
neutral,262
neutralised,29
neutralize,57
neutralized,55
neutralizing,6
new,21209
newborn,117
newfound,38
newly,478
news,7464
newsletter,9
newspaper,1035
nh,276
nhl,2
nice,192
nichols,37
nick,60
nigel,166
niger,152
night,2652
ning,77
noise,119
noncitizen,7
noon,113
normal,563
normally,164
north,5902
northampton,12
northeast,436
northern,2886
northernchernihiv,1
northwestern,437
nose,96
nosedived,4
noshki,24
notable,546
notably,542
noted,2159
notice,591
notifying,35
noting,915
notorious,128
november,1992
nowadays,15
nsw,35
nuclear,4077
number,4861
numerous,1345
nurse,164
nurtured,13
nushki,6
oath,240
obituary,6
object,415
obligation,306
obscurity,12
observed,457
observer,378
obstacle,301
obstructed,55
obstructing,79
obstruction,106
obvious,187
occasion,494
occasional,106
occupation,397
occupied,647
occupy,81
occupying,107
occur,298
occurred,2154
occurs,215
ocha,48
october,4097
oecd,5
oettinger,2
offence,266
offender,227
offense,179
offensive,1906
offer,1425
offered,1046
offering,637
office,5560
officer,4054
official,14228
offset,57
oil,1783
olaf,176
old,1515
older,469
oldest,324
oleh,70
oleksandr,136
olsen,12
omaima,1
oman,169
omar,294
onboard,168
ongoing,4337
onion,58
online,2051
onslaught,80
onward,34
onwards,37
open,1888
opened,1066
opening,760
operate,465
operates,237
operating,1037
operation,5695
operational,709
operative,257
operator,354
opinion,959
oppo,4
opponent,797
opportunity,1537
oppose,252
opposes,162
opposite,177
opposition,3014
optical,36
option,634
orban,169
orbit,353
orchestrated,190
ordeal,152
order,3201
ordered,1193
ordering,164
ordinary,255
ordnance,46
orenburg,6
organisation,1550
organization,1871
organizational,20
organized,462
organizing,109
origin,523
original,417
originally,423
osborne,7
ostensibly,61
oust,68
ousted,232
outage,490
outcome,801
outfit,265
outlaw,24
outlet,767
outline,177
outlined,303
outlook,225
outpost,143
output,94
outrage,452
outraged,63
outscored,1
outside,2375
outsider,75
outstanding,158
overall,596
overcome,178
overcoming,53
overnight,880
overrun,53
overseas,550
oversees,90
overshadowed,85
overshadowing,28
oversight,241
overtime,30
overture,19
overturn,222
overturned,272
overturning,84
overview,50
overwhelmingly,88
owed,76
owner,967
ownership,248
owns,182
pa,58
pacific,990
package,951
packed,183
pact,306
page,526
pahad,1
paid,833
pain,426
pained,15
painful,128
pair,293
pakhtunkhwa,932
pakistan,13693
pakistani,2521
palace,1023
palestine,740
palestinian,6204
panel,459
panoramic,11
paper,675
paradigm,9
parallel,223
paramedic,76
paramilitary,294
pardon,130
parent,1485
pares,1
park,1279
parliament,2885
parliamentary,948
parnpree,5
partially,281
participant,417
participated,375
particular,494
particularly,2957
partly,244
partner,2047
partnership,1044
party,13681
pas,505
passed,1194
passenger,2365
passing,465
passive,24
past,3775
path,954
patient,775
patrick,100
patriot,208
patriotic,49
patrolling,69
patronizing,6
paucity,3
paul,400
pave,94
pay,1327
paying,369
payment,1006
peace,3354
peacefully,208
peacekeeper,99
peacetime,15
pedley,3
pen,298
penalty,446
pending,324
penetrated,29
penguin,32
penned,31
pennsylvania,1054
pension,251
pentagon,380
people,24496
perceived,445
percent,1451
percentage,313
perception,289
performance,1097
peril,34
period,1522
permanent,891
perpetrator,381
persian,52
persist,185
persisted,152
persistent,252
persists,58
person,2891
personal,1873
personnel,1861
persuade,125
persuading,29
pervomaiske,1
peshawar,451
peter,248
petro,86
petropavlovsk,4
pew,46
pharmaceutical,136
philadelphia,190
philanthropist,41
philip,170
philippine,2312
phone,1327
phony,18
photo,2028
photograph,356
photographer,145
phrasing,6
physically,155
phyu,5
pick,440
piece,637
pile,111
pilot,990
pim,8
pin,58
pirate,43
pitch,132
pitting,12
pittsburgh,63
pivot,57
pivotal,484
place,5034
placed,724
plague,37
plain,95
plan,5069
plane,1785
planned,1368
planning,909
plant,1111
plantation,50
planted,99
platform,2641
plausible,39
play,1111
played,843
player,498
playing,553
playoff,8
plea,515
pleaded,553
pleased,111
pledge,396
pledged,803
pledging,116
plummeted,45
plunge,54
plunged,196
pm,4127
podcast,289
point,2961
pointed,828
pointing,351
poland,538
pole,118
police,12669
policeman,258
policewoman,15
policy,4885
political,8628
politically,488
politician,1123
politics,1607
poll,2602
polling,539
pollution,158
pontiff,34
ponzi,4
poor,714
poorer,48
pope,323
popular,1239
popularity,414
populated,370
population,2156
populist,146
populous,135
porn,173
port,2102
portion,391
porton,1
portuguese,66
pose,798
posed,454
position,2780
positioning,146
positive,858
positively,115
possessed,49
possibility,956
possible,2209
possibly,389
post,5312
posted,1908
poster,161
postseason,4
potential,4198
potentially,1343
pound,735
poured,100
poverty,456
power,6398
powerful,1389
practical,182
practice,1122
praise,149
praised,740
praising,141
prayer,468
praying,92
prc,182
precarious,106
precariousness,1
precaution,148
precautionary,140
precedent,135
preceding,50
precision,199
predecessor,314
predicted,373
predominantly,203
preecharush,5
preference,206
preferred,139
pregnancy,180
pregnant,258
preliminary,406
premier,796
premise,241
preparation,480
prepare,356
prepared,837
presence,1655
present,1429
presented,604
preserving,77
presided,69
presidency,886
president,19856
presidential,4068
press,2982
pressed,228
pressing,292
pressure,2523
pressured,82
pretext,63
pretoria,4
prevail,66
prevailed,31
prevailing,122
prevent,1789
prevented,299
preventing,376
previous,2397
previously,2354
price,1822
priced,61
pricing,114
primarily,639
primary,905
prime,8558
prince,3178
princess,1372
principle,636
prior,625
priority,729
prison,2052
prisoner,1176
privacy,257
private,1899
privately,175
prize,708
probably,686
probe,514
problem,1536
procedure,551
proceeding,609
processing,138
proclaiming,22
produced,395
product,1181
production,1071
professional,667
professionalism,46
professor,792
profile,434
profit,234
programme,1160
progress,1128
progressive,318
prohibited,232
prohibiting,100
project,2882
projected,300
prolonged,392
prominence,101
prominent,965
promise,731
promised,699
promising,268
promote,623
promoter,35
promoting,489
prompt,171
prompted,704
prompting,859
promptly,222
prone,113
pronounced,143
proof,201
propellant,9
propelled,52
property,1477
proponent,52
proposal,1728
proposing,67
prosecution,646
prosecutor,1944
prospect,560
prosperity,260
protect,1784
protected,344
protecting,541
protection,1242
protest,5865
protester,2782
protocol,247
proudly,74
prove,298
proved,134
proven,147
provide,2273
provided,1698
provides,430
providing,1303
province,3326
provincial,658
provision,325
provoking,83
proxy,249
psychological,194
pti,3567
pubg,52
public,7961
publication,223
publicly,1008
published,1206
pull,251
pulled,448
pulling,111
pump,104
punish,134
punished,110
punjab,1311
puppet,101
purchase,352
purpose,664
pursued,179
pursuing,330
push,1125
pushed,684
pushing,559
putin,3231
putting,536
pyongyang,420
qassem,71
qatar,1142
qiang,230
quake,313
quality,530
quarter,519
quds,80
queen,1295
queenland,1
queensland,81
quell,113
quelled,18
question,2443
questioned,703
questioning,484
quetta,247
queued,12
quick,235
quickly,1476
quite,427
quota,737
quoted,1406
rabbani,4
race,2093
racial,240
radar,412
radio,531
raf,89
rafael,86
rafah,2327
raid,1001
raided,196
rain,2139
rainfall,895
raise,1019
raised,2119
raisi,649
raising,929
rakhine,183
rally,2651
ramaphosa,68
ramp,116
rampage,158
rampant,109
ramzan,11
ran,471
randall,12
random,71
range,1168
ranger,217
rank,623
ranking,138
ransom,87
rape,631
rapid,605
rapidly,575
rare,978
rasheed,84
rashtra,7
rate,1816
rating,287
ray,74
raze,4
reach,1690
reached,1703
reaching,751
react,134
reaction,871
reactor,288
read,1321
reader,41
readiness,367
reading,282
ready,1124
reaffirmed,294
real,1377
realised,113
realized,104
really,1401
rear,172
reason,1550
reasonable,137
reasoning,38
reassigning,1
rebalancing,2
rebel,835
rebound,37
rebuilding,100
rebuke,63
recalled,395
recede,36
received,2439
receiving,835
recent,7530
recently,2556
reception,181
reckless,133
recognised,364
recognition,442
recognizes,58
recognizing,110
reconstruction,158
record,2646
recorded,808
recording,210
recounted,325
recover,299
recovered,533
recovering,191
recovery,802
recreational,97
recuperate,8
red,1575
redirected,21
reduce,800
reduced,569
reduces,54
reducing,395
reference,471
referred,760
referring,854
refers,133
reflected,224
reflecting,514
reflection,192
reflects,640
reform,1654
refrain,197
refuelling,26
refuge,362
refugee,1321
refusal,240
refusing,199
regain,149
regaining,41
regains,14
regarded,147
regarding,1745
regardless,221
regime,836
region,7561
regional,2794
regionwide,3
registered,597
registering,55
registration,227
regret,323
regrettable,28
regrettably,30
regular,664
regularly,488
regulation,672
regulatory,263
rehana,30
reign,91
rein,103
reinforce,129
reintroduction,21
reiterated,774
reject,331
rejected,872
related,1616
relation,2748
relationship,2430
relative,711
relatively,443
relax,38
relaxation,25
relaxing,56
release,2814
released,2999
releasing,213
relevant,371
reliable,222
reliance,186
relief,1024
religion,230
religious,1340
relocate,128
reluctant,105
relying,133
remain,2815
remained,1565
remaining,974
remains,3888
remark,1564
remarkable,293
remarked,476
rematch,55
remedy,64
remember,324
remembered,84
reminder,346
reminiscent,91
remote,445
remove,681
removed,744
removing,229
rendered,58
renew,66
renowned,374
renting,19
reopened,172
reopening,112
rep,47
repaid,21
repatriate,48
repatriation,150
repeated,589
repeatedly,1282
repeating,94
repelled,38
repercussion,139
replace,534
replicating,18
report,10715
reported,10336
reportedly,1996
reporter,1677
reporting,531
represent,492
representation,249
representative,1950
represented,287
represents,505
reprisal,61
reproductive,122
republic,1182
republican,3514
reputation,397
request,1672
requesting,196
require,422
required,878
requirement,491
requiring,294
rerouted,10
rescue,1501
rescued,459
rescuer,289
research,1534
resemblance,36
reservation,172
reserve,646
reset,121
resettlement,22
reside,39
residence,900
resident,3641
residual,11
resign,221
resigned,472
resilience,410
resistance,666
resisting,97
resolute,111
resolution,1025
resolve,625
resolved,187
resolving,189
resonate,62
respect,1135
respecting,86
respective,158
respond,1115
responded,1275
respondent,165
responder,220
responding,339
response,5118
responsibility,1403
responsible,1625
responsibly,50
rest,803
restart,95
restive,175
restrain,53
restraint,261
restrict,264
restricted,264
restricting,120
restriction,1002
restructuring,149
result,2898
resulted,1770
resulting,1382
resume,464
resumed,365
resumption,108
resurfaced,96
resurgence,190
retained,92
retaliate,170
retaliation,719
retaliatory,528
retired,417
retirement,339
retiring,41
retreat,159
retreated,39
return,3093
returned,1125
returnees,2
returning,612
reuters,1883
revamp,27
reveal,264
revealed,1873
revelation,328
revenge,243
reverse,190
reversed,86
review,944
reviewed,193
revoking,36
revolution,234
revolutionary,370
revolving,12
reward,124
reza,64
rhetoric,436
ria,125
ribbon,21
rich,411
ride,201
ridicule,36
ridiculing,13
rife,74
rifle,347
right,8315
rigid,35
rigorously,5
rini,1
rio,191
riot,858
rioter,175
rip,38
ripple,54
rise,1384
risen,314
rishi,896
rising,1299
risk,3287
risked,59
risking,56
risky,120
rival,1006
river,1562
riverside,39
rnc,82
road,2298
rob,87
robber,77
robbery,113
robertson,14
robs,6
robust,322
rocha,22
rocked,132
rocket,2144
rod,65
roe,93
roger,35
rogov,6
rohan,3
role,3610
rolled,105
rollover,56
rome,314
ronnie,12
room,1048
rope,68
rose,504
roster,31
rough,122
roughly,475
round,1099
route,1345
row,283
royal,3723
royalty,62
rsf,145
rubble,251
ruchir,7
rugby,13
ruined,40
rule,2399
rulebook,5
ruled,790
ruler,302
ruling,2430
rumbling,10
rumor,297
rumour,159
run,1729
running,1927
rural,447
rush,151
rushed,371
rushing,103
russia,10876
russian,7903
rust,34
rwanda,633
ryan,123
sacrificed,52
saddam,30
saddened,105
saeed,165
safe,1560
safeguard,402
safety,3316
saga,70
said,71607
saint,158
sake,150
salary,257
sale,849
saleem,31
salman,278
salute,93
samba,15
samer,4
samuel,75
san,656
sanandaj,3
sanction,1887
sandringham,36
sarabjit,14
sarah,161
sarfaraz,51
sarfraz,17
satellite,1372
satisfaction,93
saturday,5232
saudi,1745
savagely,1
save,606
saved,273
saving,282
saw,1772
say,6941
saying,5912
sbti,8
scam,249
scandal,516
scanned,8
scar,33
scene,1630
scenic,51
sceptical,31
schappell,4
schedule,395
scheduled,1435
scheme,591
schnecksville,1
scholz,308
school,4038
schoolteacher,16
schwarzman,7
science,747
scientist,708
scmp,123
score,518
scoring,19
scott,254
scramble,46
scrambling,79
scranton,11
screaming,152
scrutiny,673
scud,3
sea,3396
seal,79
sealed,126
search,1591
searched,155
searching,316
season,907
seasonal,101
seat,2203
seattle,77
second,3784
secret,1418
secretary,3019
secretly,112
sector,1673
secular,82
secure,1508
secured,657
secures,41
securing,501
security,12064
seeing,620
seek,1984
seeker,381
seeking,1768
seeler,1
seema,13
seemingly,286
seen,4302
seized,1125
seizing,177
seizure,267
seldom,26
selflessness,3
sell,326
senate,743
send,899
sending,774
senior,3019
sense,654
senseless,46
sensitive,616
sensor,69
sent,1950
sentence,1110
sentenced,814
sentencing,264
sentiment,668
seoul,491
separate,1330
separation,124
separatist,718
september,2156
serf,535
sergei,146
series,1688
seriously,567
seriousness,111
sermon,42
serve,882
served,1222
service,6219
servicemembers,16
serving,841
servitude,1
session,988
set,4775
setback,289
setting,734
settlement,587
settling,31
seven,2141
seventh,150
severe,2179
severely,400
severity,229
sexual,1246
sexually,259
shader,13
shadow,411
shah,424
shall,141
shane,7
shanghai,624
shangla,28
shape,378
shaping,175
shaposhnikov,1
shapps,69
share,1554
shared,2719
shareef,12
sharia,46
sharif,1988
sharing,633
sharma,225
sharply,244
shattered,141
sheet,169
shehbaz,1155
shekel,39
shell,269
shelled,49
shelling,356
shelter,890
sheltered,49
shenzhen,123
sheriff,348
sheva,14
shi,30
shield,308
shift,1417
shifted,425
shifting,243
ship,2550
shipping,692
shiraz,3
shiuna,19
shivdeep,1
shock,455
shocked,342
shocking,322
shoe,108
shook,114
shoot,229
shooting,1571
shootout,42
shop,528
shopper,54
shopping,266
shore,202
short,1089
shortcoming,26
shorter,81
shortly,1019
shot,2090
showcase,241
showcased,110
showed,1972
showered,26
showing,1048
shown,562
shrank,11
shrapnel,85
shrewsbury,2
shumkov,3
shut,570
shutout,2
shuttered,59
siamese,3
sibling,141
sichuan,53
sidelining,15
siding,34
sign,1542
signal,716
signaling,168
signalling,55
signature,163
signed,1224
significance,446
significant,6196
significantly,1098
silence,459
silent,225
silently,14
silvia,6
similar,2085
similiar,2
simon,158
simplify,31
simply,439
sincerely,42
sincerest,16
sindh,421
singh,1036
single,1023
sinha,18
sinwar,1030
siren,200
sister,651
site,2324
sits,147
sitting,493
sittwe,20
situated,408
situation,5026
sixth,160
size,532
skepticism,120
skill,371
skull,84
sky,694
slap,30
slate,33
slated,109
slaughtered,15
sleep,301
sleeping,180
slew,62
slightly,207
sling,49
slip,92
slipped,65
slot,62
sluggish,53
small,2103
smart,176
smartphone,40
smartphones,57
smith,318
smoking,159
snap,338
snatched,64
snub,45
snyder,14
soar,37
soared,199
soaring,202
soccer,174
social,7043
socialism,43
societal,191
society,1170
sogavare,16
soil,532
solar,433
soldier,2356
soleimani,89
solemn,64
solid,144
solidarity,544
solo,290
solomon,73
solution,905
solve,143
somali,32
somalia,73
somaliland,9
somewhat,86
son,2213
soon,1591
sooner,62
soontornlekha,2
sop,7
sophie,3
sophisticated,188
sorrow,145
sort,263
sot,31
sought,1546
sound,459
sounded,136
source,3687
south,7352
southeast,719
southern,4111
southwest,477
southwestern,529
sovereign,341
sovereignty,786
soviet,480
sowing,43
space,2649
spain,604
span,234
spanish,346
spanned,45
spark,159
sparked,1548
sparking,324
speak,745
speaker,890
speaking,1383
special,1700
specialises,12
specie,349
specific,1135
specifically,365
specify,172
spectacular,74
specter,27
speculation,792
speech,2547
speed,644
spend,456
spending,932
spent,822
spill,117
spillover,38
spina,1
spiral,97
spiraling,45
spirit,396
splashing,11
split,312
spoil,12
spoke,1291
spoken,356
spokesman,1572
spokesperson,3434
spokeswoman,199
sporadic,66
sporting,72
spot,555
spotlight,264
spouse,188
sprawling,93
spread,1569
spreading,478
spree,71
spring,425
squabble,12
square,792
srettha,98
ssg,2
stab,50
stabbed,252
stabbing,398
stabbings,31
stabilisation,28
stabilise,76
stability,1297
stable,573
staff,2242
stafford,2
stage,1471
staggering,168
stake,478
stakeholder,170
stalled,220
stance,1229
stand,1909
standard,837
standby,119
standing,894
standstill,30
staple,40
star,885
stared,7
stark,355
starmer,1928
start,1858
started,2076
starting,792
starvation,118
starved,23
state,19531
stated,3555
statement,8557
statewide,42
stating,1781
station,1783
stationed,350
statistic,282
statue,301
status,1057
statutory,50
stay,1639
stayed,374
steadily,158
stealing,150
steel,180
steep,106
steer,78
stellar,30
stem,278
stemming,135
step,2460
stepped,685
stepping,358
stern,251
steve,162
stick,289
stigma,36
stillborn,1
stir,85
stirred,144
stock,458
stoke,39
stolen,357
stood,538
stool,11
stop,2468
stopped,778
storage,313
store,586
storeroom,2
storm,2521
stormy,180
story,1623
strained,355
straining,55
strait,609
stranded,275
stranger,177
strategic,2257
strategically,202
strategy,1553
streak,39
stream,200
streamline,34
street,2393
strength,710
strengthen,887
strengthened,181
strengthening,496
stressed,807
stressing,238
stretch,194
stretched,50
strict,453
stricter,109
strike,6029
striking,450
string,220
stringent,202
strip,1257
strive,45
strong,2667
stronger,413
strongest,260
strongly,833
strongman,13
struck,1568
structural,186
structure,592
struggle,930
struggling,652
stuart,17
stuck,256
student,5559
study,1530
studying,181
stunt,45
subduing,4
subject,694
subsequently,431
subservient,8
subsidiary,90
subsiding,5
subsidised,43
subsidy,230
substantial,826
suburb,488
suburban,80
subversion,81
succeed,237
succeeded,86
succeeds,30
success,894
successful,698
successfully,633
succumbed,244
succumbing,38
sudan,380
sudanese,97
suddenly,208
suez,34
suffer,199
suffered,882
suffering,714
suffers,60
suggest,887
suggested,1473
suggesting,1099
suggestion,227
suggests,707
suicide,711
suit,253
suk,88
sukhmandeep,1
sulawesi,136
sullivan,359
sultan,73
sum,157
summary,42
summer,1120
summit,2348
summoned,215
sun,544
sunak,2284
sunday,5751
sunni,202
superintendent,214
superiority,36
supersonic,77
supervised,34
supervision,69
supply,1972
supplying,287
support,9184
supported,890
supporter,2255
supporting,1239
supportive,184
supposed,329
supreme,2078
surf,21
surfaced,199
surge,790
surged,291
surgery,433
surpassing,152
surprise,619
surrendered,70
surrey,100
surrogacy,20
surround,47
surrounding,958
surroundings,29
survey,705
survive,261
survivor,473
suspect,1699
suspected,912
suspended,1049
suspending,145
suspension,488
suspicion,427
sustainability,237
sustained,756
sustaining,86
swap,240
swarm,34
swat,166
sweat,19
sweeping,200
swift,742
swiftly,392
swing,401
swinging,15
switch,121
switched,94
sydney,442
syed,154
symbol,393
symbolic,184
symbolism,28
syniehubov,64
syria,814
syrian,347
syrsky,27
ta,147
table,399
tactic,599
taftan,7
tahir,80
tainted,47
taisi,2
taiwan,4759
tajani,47
tak,13
taken,4243
taking,2834
taliban,1973
talk,3590
talking,617
tall,201
tamba,28
tamir,8
tampered,20
tana,5
tanker,333
taoiseach,16
target,2985
targeted,2537
targeting,2035
tarnished,28
tattoo,49
taw,2
tax,2185
taylor,462
teach,107
teacher,608
team,3398
teammate,22
tear,487
tech,650
technical,573
technically,83
technological,327
technology,2354
teenager,344
tehran,1380
tel,737
telecommunication,263
telegram,824
telephone,148
telephoned,4
telephonic,15
televised,310
tell,820
telling,504
temperature,1346
tempering,7
template,7
tense,335
tension,3121
tenure,498
term,2756
termination,52
terrible,295
terrified,147
territorial,685
territory,2901
terror,1001
terrorism,1286
terrorist,2421
test,1667
testimony,472
testing,535
texas,782
text,430
thai,165
thailand,446
thammasat,8
thank,410
thanked,246
thanks,280
thavisin,35
theory,605
thet,7
thing,2438
think,3008
thinking,318
thit,2
thorny,30
thought,1366
thousand,2890
threat,4157
threaten,280
threatened,779
threatening,541
threatens,217
threshold,121
throne,190
thrust,52
thumbing,3
thursday,5169
thwart,92
thwarted,98
tiantong,12
tie,2678
tieswith,2
tight,267
tiktok,759
time,13301
timeline,193
timol,1
title,323
titled,249
tobol,14
today,2231
toe,32
tokmak,5
told,9621
tolerated,73
toll,1055
tolonews,12
tomlinson,4
tomorrow,183
tonight,164
took,4821
tool,539
toowoomba,5
topic,503
topped,41
topping,36
toraja,4
torched,109
tore,86
torture,250
tortured,122
tory,610
total,1655
totaling,83
totalling,33
touch,366
touched,259
tough,544
tougher,161
toughest,37
tour,774
tourism,675
tourist,1135
tourniquet,6
touted,85
touting,20
tower,371
town,2724
township,86
track,588
tracked,121
traction,102
trade,2602
trading,396
tradition,377
traditional,965
traditionally,237
traffic,769
trafficking,642
tragedy,564
tragic,740
tragically,180
trail,369
trailing,122
train,859
trained,255
trainer,48
trajectory,125
tranche,96
transfer,600
transferred,339
transgender,205
transient,21
transition,497
translates,34
transparent,147
transport,715
transported,404
transporting,176
trapped,355
travel,2078
traveled,264
traveler,182
traveling,393
travelled,235
travis,52
treat,240
treated,527
treating,138
treatment,1711
trend,813
trial,2388
tribal,343
tribe,251
tribute,210
tried,1136
trigger,300
triggered,1168
triggering,312
trilateral,81
trillion,427
trip,1628
tripled,28
tripling,18
trivial,19
troop,2523
trouble,394
troubling,163
true,609
truly,399
trump,21008
truss,119
trust,682
trusted,177
try,1141
trying,1977
tucson,9
tuesday,5348
tumultuous,61
tun,48
tunektepe,1
turbine,17
turbojet,1
turbulence,412
turkey,764
turmoil,354
turn,1216
turned,1259
turning,459
turnout,255
tv,972
twan,5
tweet,191
twice,435
twin,150
twitter,594
type,642
typically,684
tyumen,6
uae,859
uavs,149
uk,5875
ukraine,9907
ukrainian,3859
ultimate,171
ultimately,590
unacceptable,354
unaccounted,89
unaccustomed,6
unaffiliated,19
unbearable,51
unbuilt,1
uncertain,363
uncertainty,485
unchanged,123
unclear,692
uncomfortably,7
uncovered,205
undergoing,353
underline,55
underlined,70
undermine,393
underneath,35
underscore,734
underscored,403
underscoring,265
understand,705
understandably,20
understanding,653
underway,423
undo,34
unexpected,347
unexpectedly,130
unexploded,61
unfair,224
unfavorable,48
unfold,96
unfolded,212
unfolding,130
unfolds,44
unforgivable,20
unfortunate,150
unfounded,110
unhcr,84
unidentified,248
unified,135
uniform,173
unilaterally,59
unintentional,17
union,2016
unique,560
unit,1330
united,9058
unity,591
universal,155
university,4999
unknown,420
unless,383
unlike,360
unlikely,477
unmanned,164
unnamed,173
unnecessary,183
unpopular,105
unprecedented,821
unpredictable,154
unspeakable,22
unspecified,133
unstable,116
unstoppable,14
untrue,35
unveiling,73
unverified,27
unwavering,216
upcoming,1289
update,563
updated,426
upgrade,248
upgraded,102
upheld,124
upper,370
uprising,210
uproar,45
upset,192
uptick,95
ural,15
urban,453
urge,433
urged,2288
urgency,270
urgent,617
urgently,192
urging,1112
usa,339
usd,846
use,3996
used,4868
usgs,41
using,2919
usual,236
usually,509
utmost,104
utterly,62
vadim,30
vadym,21
valery,23
validated,35
valley,551
valuable,251
value,1125
vancouver,70
variation,34
variety,267
various,2965
vast,580
vatican,215
veered,75
vegetable,135
vehicle,2490
venezuela,443
verifier,1
verify,206
verifying,31
versatile,26
version,467
versus,73
vessel,2014
vibrant,224
vice,2632
victim,2828
victor,70
victory,1558
video,4989
view,2093
viewed,348
viewing,113
viewpoint,38
vigil,100
vigilant,165
vigorous,47
village,1517
villager,144
vincent,86
violated,339
violates,71
violation,1230
violence,4255
violent,1602
viral,1116
virtual,250
visibility,115
visible,318
visibly,165
vision,688
visit,5298
visited,904
visiting,608
visitor,666
vital,577
vladimir,1218
vocal,256
voice,1124
voiced,438
voicing,36
volatile,294
volleyball,7
volodymyr,791
volume,154
voluntary,133
volunteer,351
vote,4107
voted,513
voter,2767
voting,848
vow,143
vowed,1113
vowing,217
vulnerability,228
vulnerable,616
vyacheslav,59
wad,7
wade,91
wait,436
waiting,573
wake,560
wale,808
walked,261
wall,784
wan,31
wannabe,5
want,4394
wanted,1422
wanzhao,4
war,12441
ward,97
warfare,426
warned,2604
warning,2502
warns,135
warplane,276
warship,347
washington,3270
wasting,42
watch,842
watched,301
water,3865
waterway,208
watson,26
wave,1084
waved,86
way,4193
waziristan,92
weakened,193
weakest,27
weakness,150
wealthy,246
weapon,4472
weaponry,176
wear,293
wearing,720
weather,2110
webb,36
website,808
wedged,7
wednesday,5334
wee,8
week,8615
weekend,1054
weigh,195
welfare,280
wellbeing,45
went,2266
west,3469
western,3006
westfield,14
westinghouse,7
westminster,151
whatley,11
wheeled,23
whilst,50
whisking,7
white,3502
wide,428
widely,942
widen,38
wider,565
widespread,1482
wielding,52
wife,2582
william,1632
willing,466
wiltshire,19
win,2144
wind,1226
windscreen,13
wing,729
winning,555
winterton,1
wiped,70
wipeout,15
withdraw,609
withdrawal,853
withdrawing,88
withdrew,347
withstood,11
witness,1045
witnessed,682
witnessing,171
wo,549
woman,8205
wonder,138
wonderful,112
woo,31
wooden,139
word,960
worded,19
work,5129
worked,1146
worker,2987
workforce,171
working,3478
workspace,8
world,8447
worrisome,28
worse,415
worsen,105
worsened,168
worsening,191
worship,137
worshipper,97
worth,926
worthington,1
wound,400
wounded,1364
wounding,191
wrapped,131
wreckage,175
wrecked,66
wright,65
write,191
writing,348
written,469
wrong,554
wrongly,68
wrote,2535
wuhan,93
xi,1888
xiaomi,5
xinhua,315
xishuangbanna,6
yahya,515
yamamoto,2
yaqoob,6
yar,116
year,20784
yellow,181
yemen,900
yeol,86
yesterday,273
yevhen,11
yield,91
yoav,331
yokochi,1
yoon,183
york,3598
youde,2
yougov,104
young,2333
younger,571
youngest,284
yuan,366
yum,8
yunnan,24
yuqiang,1
yusuf,45
zabihullah,52
zahedi,8
zaporizhzhia,181
zaw,32
zealand,541
zelensky,321
zenglein,2
zero,262
zhang,300
zhanshu,1
zhao,36
zhilv,2
ziad,26
zinc,7
zionist,148
zone,1179
zulfikar,17
